----------------------------------------------------------------------------------------------------
-- Tabla: detta_usuarios
----------------------------------------------------------------------------------------------------

INSERT INTO detta_usuarios (email, password, enabled) VALUES ('admin@detta.cl', '$2a$10$YW.QNtpYrJouwMMrmlT28OPxbXzxL2gUGFmbg8THUXaYXRKmcqrjW', '1');

INSERT INTO detta_usuarios (email, password, enabled) VALUES ('profesional.uno@detta.cl', '$2a$10$JZvFcnU.ku4sDHCtBjGIOetcK506a0kq5KzvfTkTe7DNYlDKfwbsq', '1');
INSERT INTO detta_usuarios (email, password, enabled) VALUES ('profesional.dos@detta.cl', '$2a$10$WfDYhKcRY/QxPAldeES6Q.ih5zSO9GwyNrCjkBWSU6QzLnzXAWjT2', '1');
INSERT INTO detta_usuarios (email, password, enabled) VALUES ('profesional.tres@detta.cl', '$2a$10$bEjiVk9QTYyYrgW16ejyKeYwCeEB5jJuwKkzBqiGKzulvHrCppgua', '1');
INSERT INTO detta_usuarios (email, password, enabled) VALUES ('profesional.cuatro@detta.cl', '$2a$10$5Nivt0GKMRId.174ZI77fudTFfCoiti/hL1xhpiH/QFhvfSXlOgW2', '0');

INSERT INTO detta_usuarios (email, password, enabled) VALUES ('cliente@empresa.uno', '$2a$10$5WPTogd6NaSQEW8JH5yxw.O77Ch/VHPxNHZJDKtAsU5SNZc6ITaQu', '1');
INSERT INTO detta_usuarios (email, password, enabled) VALUES ('cliente@empresa.dos', '$2a$10$CfhUiOs8xbm1i3wuRtHXw.iVs4phuWS4cjmd.ZFlRj4.GgwbHCm6m', '0');
INSERT INTO detta_usuarios (email, password, enabled) VALUES ('cliente@empresa.tres', '$2a$10$Ow9uR9YBQU9zqgW/.OsTle1sNJKYGh1ICf3I2t6.5hs4dXPFdlwNa', '1');
INSERT INTO detta_usuarios (email, password, enabled) VALUES ('cliente@empresa.cuatro', '$2a$10$aB5/P.K4fFuTUpMSr80xa.017e.z4HC/7YTXkLvyBmDNg8QQPSQle', '1');
INSERT INTO detta_usuarios (email, password, enabled) VALUES ('cliente@empresa.cinco', '$2a$10$DEAeT9FSZZlLfECxJJKQkusTGSMi596d19NlufHUgB.Tj4j3lHziO', '0');
INSERT INTO detta_usuarios (email, password, enabled) VALUES ('cliente@empresa.seis', '$2a$10$47aFWWvfILdM81uAsp5Ne.2FR0GgOpjWDWf5NwlIjFeHNBjBBw1de', '1');
INSERT INTO detta_usuarios (email, password, enabled) VALUES ('cliente@empresa.siete', '$2a$10$xfuMSDnMtLY.2GysKecq9eGQ1pzGwl.bJpNO8./75GnDbg2ccWI2a', '1');
INSERT INTO detta_usuarios (email, password, enabled) VALUES ('cliente@empresa.ocho', '$2a$10$kNM8kzF/E629XnDro1/3xO8VZLFf/4CBeGR6lBtmAbKN9TL/LqmbO', '0');
INSERT INTO detta_usuarios (email, password, enabled) VALUES ('cliente@empresa.nueve', '$2a$10$mQ4ZrUiMU/U8SXxeahhsEeu9.lusq.cD0l82j8etowFlnE5oQY5tG', '1');
INSERT INTO detta_usuarios (email, password, enabled) VALUES ('cliente@empresa.diez', '$2a$10$B3YdPQNBNwcvHvTcybWp0uGidLWx0JihCzghS05JU7khz4jnrKVrO', '1');

----------------------------------------------------------------------------------------------------
-- Tabla: detta_usuarios_roles
----------------------------------------------------------------------------------------------------

INSERT INTO detta_usuarios_roles (email, role) VALUES ('admin@detta.cl', 'ROLE_ADMIN');

INSERT INTO detta_usuarios_roles (email, role) VALUES ('profesional.uno@detta.cl', 'ROLE_STAFF');
INSERT INTO detta_usuarios_roles (email, role) VALUES ('profesional.dos@detta.cl', 'ROLE_STAFF');
INSERT INTO detta_usuarios_roles (email, role) VALUES ('profesional.tres@detta.cl', 'ROLE_STAFF');
INSERT INTO detta_usuarios_roles (email, role) VALUES ('profesional.cuatro@detta.cl', 'ROLE_STAFF');

INSERT INTO detta_usuarios_roles (email, role) VALUES ('cliente@empresa.uno', 'ROLE_CLIENT');
INSERT INTO detta_usuarios_roles (email, role) VALUES ('cliente@empresa.dos', 'ROLE_CLIENT');
INSERT INTO detta_usuarios_roles (email, role) VALUES ('cliente@empresa.tres', 'ROLE_CLIENT');
INSERT INTO detta_usuarios_roles (email, role) VALUES ('cliente@empresa.cuatro', 'ROLE_CLIENT');
INSERT INTO detta_usuarios_roles (email, role) VALUES ('cliente@empresa.cinco', 'ROLE_CLIENT');
INSERT INTO detta_usuarios_roles (email, role) VALUES ('cliente@empresa.seis', 'ROLE_CLIENT');
INSERT INTO detta_usuarios_roles (email, role) VALUES ('cliente@empresa.siete', 'ROLE_CLIENT');
INSERT INTO detta_usuarios_roles (email, role) VALUES ('cliente@empresa.ocho', 'ROLE_CLIENT');
INSERT INTO detta_usuarios_roles (email, role) VALUES ('cliente@empresa.nueve', 'ROLE_CLIENT');
INSERT INTO detta_usuarios_roles (email, role) VALUES ('cliente@empresa.diez', 'ROLE_CLIENT');

----------------------------------------------------------------------------------------------------
-- Tabla: detta_profesionales
----------------------------------------------------------------------------------------------------

INSERT INTO detta_profesionales (nombre, telefono, usuario_id) VALUES ('Profesional Uno', '123456789', 2);
INSERT INTO detta_profesionales (nombre, telefono, usuario_id) VALUES ('Profesional Dos', '234567891', 3);
INSERT INTO detta_profesionales (nombre, telefono, usuario_id) VALUES ('Profesional Tres', '345678912', 4);
INSERT INTO detta_profesionales (nombre, telefono, usuario_id) VALUES ('Profesional Cuatro', '456789123', 5);

----------------------------------------------------------------------------------------------------
-- Tabla: detta_clientes
----------------------------------------------------------------------------------------------------

INSERT INTO detta_clientes (nombre, rut, telefono, giro, empleados, tipo, usuario_id, profesional_id) VALUES ('Cliente Uno', '111111111', '123456789', 'Construcción', 125, 1, 6, 2);
INSERT INTO detta_clientes (nombre, rut, telefono, giro, empleados, tipo, usuario_id, profesional_id) VALUES ('Cliente Dos', '222222222', '234567891', 'Construcción', 85, 2, 7, NULL);
INSERT INTO detta_clientes (nombre, rut, telefono, giro, empleados, tipo, usuario_id, profesional_id) VALUES ('Cliente Tres', '333333333', '345678912', 'Aseo', 20, 4, 8, 2);
INSERT INTO detta_clientes (nombre, rut, telefono, giro, empleados, tipo, usuario_id, profesional_id) VALUES ('Cliente Cuatro', '444444444', '456789123', 'Minería', 44, 1, 9, 3);
INSERT INTO detta_clientes (nombre, rut, telefono, giro, empleados, tipo, usuario_id, profesional_id) VALUES ('Cliente Cinco', '555555555', '567891234', 'Minería', 68, 1, 10, NULL);
INSERT INTO detta_clientes (nombre, rut, telefono, giro, empleados, tipo, usuario_id, profesional_id) VALUES ('Cliente Seis', '666666666', '678912345', 'Construcción', 25, 3, 11, 4);
INSERT INTO detta_clientes (nombre, rut, telefono, giro, empleados, tipo, usuario_id, profesional_id) VALUES ('Cliente Siete', '777777777', '789123456', 'Aseo', 14, 4, 12, 3);
INSERT INTO detta_clientes (nombre, rut, telefono, giro, empleados, tipo, usuario_id, profesional_id) VALUES ('Cliente Ocho', '888888888', '891234567', 'Construcción', 33, 2, 13, NULL);
INSERT INTO detta_clientes (nombre, rut, telefono, giro, empleados, tipo, usuario_id, profesional_id) VALUES ('Cliente Nueve', '999999999', '912345678', 'Explosivos', 29, 1, 14, 4);
INSERT INTO detta_clientes (nombre, rut, telefono, giro, empleados, tipo, usuario_id, profesional_id) VALUES ('Cliente Diez', '000000000', '012345678', 'Catástrofes', 2, 1, 15, 2);

----------------------------------------------------------------------------------------------------
-- Tabla: detta_accidentes
----------------------------------------------------------------------------------------------------

INSERT INTO detta_accidentes (fecha, hora, direccion, lugar, circunstancia, detalles, clasificacion, tipo, evidencia, cliente_id) VALUES ('24/01/2020', '14:42', '10629 Westport Avenue', 'Synergistic interactive definition', 'Phasellus sit amet erat. Nulla tempus. Vivamus in felis eu sapien cursus vestibulum.', 'Morbi porttitor lorem id ligula. Suspendisse ornare consequat lectus. In est risus, auctor sed, tristique in, tempus sit amet, sem. Fusce consequat. Nulla nisl. Nunc nisl.', 1, 1, 1, 2);
INSERT INTO detta_accidentes (fecha, hora, direccion, lugar, circunstancia, detalles, clasificacion, tipo, evidencia, cliente_id) VALUES ('22/06/2020', '16:45', '189 Clemons Court', 'De-engineered dedicated pricing structure', 'Quisque id justo sit amet sapien dignissim vestibulum. Vestibulum ante ipsum primis in faucibus orci luctus et ultrices posuere cubilia Curae; Nulla dapibus dolor vel est. Donec odio justo, sollicitudin ut, suscipit a, feugiat et, eros.', 'Phasellus sit amet erat. Nulla tempus. Vivamus in felis eu sapien cursus vestibulum. Proin eu mi. Nulla ac enim. In tempor, turpis nec euismod scelerisque, quam turpis adipiscing lorem, vitae mattis nibh ligula nec sem. Duis aliquam convallis nunc. Proin at turpis a pede posuere nonummy. Integer non velit.', 4, 2, 4, 4);
INSERT INTO detta_accidentes (fecha, hora, direccion, lugar, circunstancia, detalles, clasificacion, tipo, evidencia, cliente_id) VALUES ('14/01/2020', '10:44', '04 Upham Hill', 'Organized incremental complexity', 'Sed sagittis. Nam congue, risus semper porta volutpat, quam pede lobortis ligula, sit amet eleifend pede libero quis orci. Nullam molestie nibh in lectus.', 'Donec diam neque, vestibulum eget, vulputate ut, ultrices vel, augue. Vestibulum ante ipsum primis in faucibus orci luctus et ultrices posuere cubilia Curae; Donec pharetra, magna vestibulum aliquet ultrices, erat tortor sollicitudin mi, sit amet lobortis sapien sapien non mi. Integer ac neque. Duis bibendum. Morbi non quam nec dui luctus rutrum. Nulla tellus. In sagittis dui vel nisl. Duis ac nibh. Fusce lacus purus, aliquet at, feugiat non, pretium quis, lectus.', 3, 2, 2, 3);
INSERT INTO detta_accidentes (fecha, hora, direccion, lugar, circunstancia, detalles, clasificacion, tipo, evidencia, cliente_id) VALUES ('19/05/2020', '11:08', '13680 Forest Avenue', 'Exclusive multi-tasking algorithm', 'Cras non velit nec nisi vulputate nonummy. Maecenas tincidunt lacus at velit. Vivamus vel nulla eget eros elementum pellentesque.', 'Nullam sit amet turpis elementum ligula vehicula consequat. Morbi a ipsum. Integer a nibh. In quis justo. Maecenas rhoncus aliquam lacus. Morbi quis tortor id nulla ultrices aliquet.', 3, 1, 2, 8);
INSERT INTO detta_accidentes (fecha, hora, direccion, lugar, circunstancia, detalles, clasificacion, tipo, evidencia, cliente_id) VALUES ('18/03/2020', '17:51', '7372 Anthes Junction', 'Inverse responsive access', 'Proin eu mi. Nulla ac enim. In tempor, turpis nec euismod scelerisque, quam turpis adipiscing lorem, vitae mattis nibh ligula nec sem.', 'Phasellus sit amet erat. Nulla tempus. Vivamus in felis eu sapien cursus vestibulum. Proin eu mi. Nulla ac enim. In tempor, turpis nec euismod scelerisque, quam turpis adipiscing lorem, vitae mattis nibh ligula nec sem. Duis aliquam convallis nunc. Proin at turpis a pede posuere nonummy. Integer non velit.', 3, 1, 2, 5);
INSERT INTO detta_accidentes (fecha, hora, direccion, lugar, circunstancia, detalles, clasificacion, tipo, evidencia, cliente_id) VALUES ('27/01/2020', '14:41', '29112 Roth Road', 'Pre-emptive radical groupware', 'Duis bibendum. Morbi non quam nec dui luctus rutrum. Nulla tellus.', 'In quis justo. Maecenas rhoncus aliquam lacus. Morbi quis tortor id nulla ultrices aliquet. Maecenas leo odio, condimentum id, luctus nec, molestie sed, justo. Pellentesque viverra pede ac diam. Cras pellentesque volutpat dui.', 3, 2, 2, 10);
INSERT INTO detta_accidentes (fecha, hora, direccion, lugar, circunstancia, detalles, clasificacion, tipo, evidencia, cliente_id) VALUES ('02/03/2020', '08:52', '84 Esker Park', 'Reactive optimal archive', 'Integer ac leo. Pellentesque ultrices mattis odio. Donec vitae nisi.', 'Quisque porta volutpat erat. Quisque erat eros, viverra eget, congue eget, semper rutrum, nulla. Nunc purus. Phasellus in felis. Donec semper sapien a libero. Nam dui.', 2, 1, 1, 3);
INSERT INTO detta_accidentes (fecha, hora, direccion, lugar, circunstancia, detalles, clasificacion, tipo, evidencia, cliente_id) VALUES ('11/04/2020', '17:17', '80 American Ash Court', 'Expanded bi-directional analyzer', 'Integer ac leo. Pellentesque ultrices mattis odio. Donec vitae nisi.', 'Morbi porttitor lorem id ligula. Suspendisse ornare consequat lectus. In est risus, auctor sed, tristique in, tempus sit amet, sem. Fusce consequat. Nulla nisl. Nunc nisl.', 3, 1, 3, 10);
INSERT INTO detta_accidentes (fecha, hora, direccion, lugar, circunstancia, detalles, clasificacion, tipo, evidencia, cliente_id) VALUES ('29/04/2020', '20:04', '6578 Laurel Trail', 'Phased mobile standardization', 'Praesent id massa id nisl venenatis lacinia. Aenean sit amet justo. Morbi ut odio.', 'Morbi non lectus. Aliquam sit amet diam in magna bibendum imperdiet. Nullam orci pede, venenatis non, sodales sed, tincidunt eu, felis. Fusce posuere felis sed lacus. Morbi sem mauris, laoreet ut, rhoncus aliquet, pulvinar sed, nisl. Nunc rhoncus dui vel sem.', 1, 2, 1, 1);
INSERT INTO detta_accidentes (fecha, hora, direccion, lugar, circunstancia, detalles, clasificacion, tipo, evidencia, cliente_id) VALUES ('13/06/2020', '20:34', '3 Del Sol Place', 'Proactive national customer loyalty', 'Proin leo odio, porttitor id, consequat in, consequat ut, nulla. Sed accumsan felis. Ut at dolor quis odio consequat varius.', 'Sed ante. Vivamus tortor. Duis mattis egestas metus. Aenean fermentum. Donec ut mauris eget massa tempor convallis. Nulla neque libero, convallis eget, eleifend luctus, ultricies eu, nibh.', 3, 2, 4, 7);
INSERT INTO detta_accidentes (fecha, hora, direccion, lugar, circunstancia, detalles, clasificacion, tipo, evidencia, cliente_id) VALUES ('29/02/2020', '14:01', '920 Monica Center', 'Balanced fresh-thinking orchestration', 'Cras mi pede, malesuada in, imperdiet et, commodo vulputate, justo. In blandit ultrices enim. Lorem ipsum dolor sit amet, consectetuer adipiscing elit.', 'Nullam porttitor lacus at turpis. Donec posuere metus vitae ipsum. Aliquam non mauris. Morbi non lectus. Aliquam sit amet diam in magna bibendum imperdiet. Nullam orci pede, venenatis non, sodales sed, tincidunt eu, felis.', 2, 1, 3, 7);
INSERT INTO detta_accidentes (fecha, hora, direccion, lugar, circunstancia, detalles, clasificacion, tipo, evidencia, cliente_id) VALUES ('05/06/2020', '20:17', '7376 Glendale Street', 'Visionary encompassing matrices', 'Maecenas ut massa quis augue luctus tincidunt. Nulla mollis molestie lorem. Quisque ut erat.', 'Proin interdum mauris non ligula pellentesque ultrices. Phasellus id sapien in sapien iaculis congue. Vivamus metus arcu, adipiscing molestie, hendrerit at, vulputate vitae, nisl. Aenean lectus. Pellentesque eget nunc. Donec quis orci eget orci vehicula condimentum. Curabitur in libero ut massa volutpat convallis. Morbi odio odio, elementum eu, interdum eu, tincidunt in, leo. Maecenas pulvinar lobortis est.', 1, 2, 3, 5);
INSERT INTO detta_accidentes (fecha, hora, direccion, lugar, circunstancia, detalles, clasificacion, tipo, evidencia, cliente_id) VALUES ('12/06/2020', '11:45', '76714 Doe Crossing Crossing', 'Decentralized foreground circuit', 'Morbi non lectus. Aliquam sit amet diam in magna bibendum imperdiet. Nullam orci pede, venenatis non, sodales sed, tincidunt eu, felis.', 'Morbi non lectus. Aliquam sit amet diam in magna bibendum imperdiet. Nullam orci pede, venenatis non, sodales sed, tincidunt eu, felis. Fusce posuere felis sed lacus. Morbi sem mauris, laoreet ut, rhoncus aliquet, pulvinar sed, nisl. Nunc rhoncus dui vel sem.', 2, 1, 2, 8);
INSERT INTO detta_accidentes (fecha, hora, direccion, lugar, circunstancia, detalles, clasificacion, tipo, evidencia, cliente_id) VALUES ('07/02/2020', '13:32', '993 Dunning Crossing', 'Progressive fresh-thinking neural-net', 'Pellentesque at nulla. Suspendisse potenti. Cras in purus eu magna vulputate luctus.', 'Integer ac leo. Pellentesque ultrices mattis odio. Donec vitae nisi. Nam ultrices, libero non mattis pulvinar, nulla pede ullamcorper augue, a suscipit nulla elit ac nulla. Sed vel enim sit amet nunc viverra dapibus. Nulla suscipit ligula in lacus. Curabitur at ipsum ac tellus semper interdum. Mauris ullamcorper purus sit amet nulla. Quisque arcu libero, rutrum ac, lobortis vel, dapibus at, diam.', 1, 1, 4, 4);
INSERT INTO detta_accidentes (fecha, hora, direccion, lugar, circunstancia, detalles, clasificacion, tipo, evidencia, cliente_id) VALUES ('16/01/2020', '10:11', '883 Shoshone Court', 'Right-sized object-oriented product', 'Cum sociis natoque penatibus et magnis dis parturient montes, nascetur ridiculus mus. Vivamus vestibulum sagittis sapien. Cum sociis natoque penatibus et magnis dis parturient montes, nascetur ridiculus mus.', 'Curabitur gravida nisi at nibh. In hac habitasse platea dictumst. Aliquam augue quam, sollicitudin vitae, consectetuer eget, rutrum at, lorem. Integer tincidunt ante vel ipsum. Praesent blandit lacinia erat. Vestibulum sed magna at nunc commodo placerat. Praesent blandit. Nam nulla. Integer pede justo, lacinia eget, tincidunt eget, tempus vel, pede.', 1, 2, 3, 8);
INSERT INTO detta_accidentes (fecha, hora, direccion, lugar, circunstancia, detalles, clasificacion, tipo, evidencia, cliente_id) VALUES ('05/03/2020', '16:12', '29901 Sugar Alley', 'Fundamental holistic firmware', 'Phasellus sit amet erat. Nulla tempus. Vivamus in felis eu sapien cursus vestibulum.', 'Curabitur in libero ut massa volutpat convallis. Morbi odio odio, elementum eu, interdum eu, tincidunt in, leo. Maecenas pulvinar lobortis est. Phasellus sit amet erat. Nulla tempus. Vivamus in felis eu sapien cursus vestibulum.', 4, 2, 3, 2);
INSERT INTO detta_accidentes (fecha, hora, direccion, lugar, circunstancia, detalles, clasificacion, tipo, evidencia, cliente_id) VALUES ('21/01/2020', '18:24', '897 Florence Park', 'Configurable explicit moratorium', 'Aenean lectus. Pellentesque eget nunc. Donec quis orci eget orci vehicula condimentum.', 'Etiam vel augue. Vestibulum rutrum rutrum neque. Aenean auctor gravida sem. Praesent id massa id nisl venenatis lacinia. Aenean sit amet justo. Morbi ut odio.', 4, 1, 3, 7);
INSERT INTO detta_accidentes (fecha, hora, direccion, lugar, circunstancia, detalles, clasificacion, tipo, evidencia, cliente_id) VALUES ('14/05/2020', '08:10', '24440 Ridgeview Pass', 'Realigned optimizing system engine', 'Praesent id massa id nisl venenatis lacinia. Aenean sit amet justo. Morbi ut odio.', 'Cum sociis natoque penatibus et magnis dis parturient montes, nascetur ridiculus mus. Vivamus vestibulum sagittis sapien. Cum sociis natoque penatibus et magnis dis parturient montes, nascetur ridiculus mus. Etiam vel augue. Vestibulum rutrum rutrum neque. Aenean auctor gravida sem. Praesent id massa id nisl venenatis lacinia. Aenean sit amet justo. Morbi ut odio.', 3, 2, 3, 9);
INSERT INTO detta_accidentes (fecha, hora, direccion, lugar, circunstancia, detalles, clasificacion, tipo, evidencia, cliente_id) VALUES ('13/04/2020', '19:16', '26 Debra Hill', 'De-engineered heuristic solution', 'In hac habitasse platea dictumst. Etiam faucibus cursus urna. Ut tellus.', 'Proin interdum mauris non ligula pellentesque ultrices. Phasellus id sapien in sapien iaculis congue. Vivamus metus arcu, adipiscing molestie, hendrerit at, vulputate vitae, nisl. Aenean lectus. Pellentesque eget nunc. Donec quis orci eget orci vehicula condimentum. Curabitur in libero ut massa volutpat convallis. Morbi odio odio, elementum eu, interdum eu, tincidunt in, leo. Maecenas pulvinar lobortis est.', 2, 2, 1, 1);
INSERT INTO detta_accidentes (fecha, hora, direccion, lugar, circunstancia, detalles, clasificacion, tipo, evidencia, cliente_id) VALUES ('07/01/2020', '16:28', '13 Schmedeman Avenue', 'Progressive coherent adapter', 'Fusce consequat. Nulla nisl. Nunc nisl.', 'Donec diam neque, vestibulum eget, vulputate ut, ultrices vel, augue. Vestibulum ante ipsum primis in faucibus orci luctus et ultrices posuere cubilia Curae; Donec pharetra, magna vestibulum aliquet ultrices, erat tortor sollicitudin mi, sit amet lobortis sapien sapien non mi. Integer ac neque. Duis bibendum. Morbi non quam nec dui luctus rutrum. Nulla tellus.', 3, 1, 4, 1);
INSERT INTO detta_accidentes (fecha, hora, direccion, lugar, circunstancia, detalles, clasificacion, tipo, evidencia, cliente_id) VALUES ('08/02/2020', '19:42', '1233 Barnett Road', 'Cloned non-volatile groupware', 'Integer tincidunt ante vel ipsum. Praesent blandit lacinia erat. Vestibulum sed magna at nunc commodo placerat.', 'Maecenas tristique, est et tempus semper, est quam pharetra magna, ac consequat metus sapien ut nunc. Vestibulum ante ipsum primis in faucibus orci luctus et ultrices posuere cubilia Curae; Mauris viverra diam vitae quam. Suspendisse potenti. Nullam porttitor lacus at turpis. Donec posuere metus vitae ipsum. Aliquam non mauris. Morbi non lectus. Aliquam sit amet diam in magna bibendum imperdiet. Nullam orci pede, venenatis non, sodales sed, tincidunt eu, felis.', 1, 1, 2, 1);
INSERT INTO detta_accidentes (fecha, hora, direccion, lugar, circunstancia, detalles, clasificacion, tipo, evidencia, cliente_id) VALUES ('12/06/2020', '12:31', '43729 Birchwood Avenue', 'Advanced next generation monitoring', 'Sed sagittis. Nam congue, risus semper porta volutpat, quam pede lobortis ligula, sit amet eleifend pede libero quis orci. Nullam molestie nibh in lectus.', 'Praesent id massa id nisl venenatis lacinia. Aenean sit amet justo. Morbi ut odio. Cras mi pede, malesuada in, imperdiet et, commodo vulputate, justo. In blandit ultrices enim. Lorem ipsum dolor sit amet, consectetuer adipiscing elit. Proin interdum mauris non ligula pellentesque ultrices. Phasellus id sapien in sapien iaculis congue. Vivamus metus arcu, adipiscing molestie, hendrerit at, vulputate vitae, nisl.', 4, 1, 1, 6);
INSERT INTO detta_accidentes (fecha, hora, direccion, lugar, circunstancia, detalles, clasificacion, tipo, evidencia, cliente_id) VALUES ('15/05/2020', '12:38', '056 Shasta Pass', 'Fully-configurable even-keeled superstructure', 'Duis aliquam convallis nunc. Proin at turpis a pede posuere nonummy. Integer non velit.', 'Cras non velit nec nisi vulputate nonummy. Maecenas tincidunt lacus at velit. Vivamus vel nulla eget eros elementum pellentesque. Quisque porta volutpat erat. Quisque erat eros, viverra eget, congue eget, semper rutrum, nulla. Nunc purus.', 3, 2, 2, 10);
INSERT INTO detta_accidentes (fecha, hora, direccion, lugar, circunstancia, detalles, clasificacion, tipo, evidencia, cliente_id) VALUES ('13/05/2020', '11:19', '5 Bayside Plaza', 'Virtual responsive collaboration', 'Nam ultrices, libero non mattis pulvinar, nulla pede ullamcorper augue, a suscipit nulla elit ac nulla. Sed vel enim sit amet nunc viverra dapibus. Nulla suscipit ligula in lacus.', 'Maecenas leo odio, condimentum id, luctus nec, molestie sed, justo. Pellentesque viverra pede ac diam. Cras pellentesque volutpat dui. Maecenas tristique, est et tempus semper, est quam pharetra magna, ac consequat metus sapien ut nunc. Vestibulum ante ipsum primis in faucibus orci luctus et ultrices posuere cubilia Curae; Mauris viverra diam vitae quam. Suspendisse potenti. Nullam porttitor lacus at turpis. Donec posuere metus vitae ipsum. Aliquam non mauris.', 2, 2, 4, 8);
INSERT INTO detta_accidentes (fecha, hora, direccion, lugar, circunstancia, detalles, clasificacion, tipo, evidencia, cliente_id) VALUES ('28/05/2020', '18:37', '5 Sullivan Terrace', 'Synchronised composite infrastructure', 'Proin eu mi. Nulla ac enim. In tempor, turpis nec euismod scelerisque, quam turpis adipiscing lorem, vitae mattis nibh ligula nec sem.', 'Pellentesque at nulla. Suspendisse potenti. Cras in purus eu magna vulputate luctus. Cum sociis natoque penatibus et magnis dis parturient montes, nascetur ridiculus mus. Vivamus vestibulum sagittis sapien. Cum sociis natoque penatibus et magnis dis parturient montes, nascetur ridiculus mus.', 3, 2, 1, 6);
INSERT INTO detta_accidentes (fecha, hora, direccion, lugar, circunstancia, detalles, clasificacion, tipo, evidencia, cliente_id) VALUES ('08/02/2020', '09:48', '2 Boyd Alley', 'Configurable logistical Graphic Interface', 'Praesent blandit. Nam nulla. Integer pede justo, lacinia eget, tincidunt eget, tempus vel, pede.', 'Curabitur in libero ut massa volutpat convallis. Morbi odio odio, elementum eu, interdum eu, tincidunt in, leo. Maecenas pulvinar lobortis est. Phasellus sit amet erat. Nulla tempus. Vivamus in felis eu sapien cursus vestibulum.', 3, 2, 2, 1);
INSERT INTO detta_accidentes (fecha, hora, direccion, lugar, circunstancia, detalles, clasificacion, tipo, evidencia, cliente_id) VALUES ('23/02/2020', '16:36', '60815 Columbus Way', 'Compatible multi-state instruction set', 'Quisque porta volutpat erat. Quisque erat eros, viverra eget, congue eget, semper rutrum, nulla. Nunc purus.', 'Pellentesque at nulla. Suspendisse potenti. Cras in purus eu magna vulputate luctus. Cum sociis natoque penatibus et magnis dis parturient montes, nascetur ridiculus mus. Vivamus vestibulum sagittis sapien. Cum sociis natoque penatibus et magnis dis parturient montes, nascetur ridiculus mus.', 3, 2, 4, 8);
INSERT INTO detta_accidentes (fecha, hora, direccion, lugar, circunstancia, detalles, clasificacion, tipo, evidencia, cliente_id) VALUES ('08/03/2020', '16:24', '3 Becker Park', 'Open-architected real-time alliance', 'Proin eu mi. Nulla ac enim. In tempor, turpis nec euismod scelerisque, quam turpis adipiscing lorem, vitae mattis nibh ligula nec sem.', 'Maecenas tristique, est et tempus semper, est quam pharetra magna, ac consequat metus sapien ut nunc. Vestibulum ante ipsum primis in faucibus orci luctus et ultrices posuere cubilia Curae; Mauris viverra diam vitae quam. Suspendisse potenti. Nullam porttitor lacus at turpis. Donec posuere metus vitae ipsum. Aliquam non mauris.', 4, 2, 2, 2);
INSERT INTO detta_accidentes (fecha, hora, direccion, lugar, circunstancia, detalles, clasificacion, tipo, evidencia, cliente_id) VALUES ('22/02/2020', '10:15', '0834 Kinsman Plaza', 'Versatile coherent project', 'Nam ultrices, libero non mattis pulvinar, nulla pede ullamcorper augue, a suscipit nulla elit ac nulla. Sed vel enim sit amet nunc viverra dapibus. Nulla suscipit ligula in lacus.', 'Proin interdum mauris non ligula pellentesque ultrices. Phasellus id sapien in sapien iaculis congue. Vivamus metus arcu, adipiscing molestie, hendrerit at, vulputate vitae, nisl. Aenean lectus. Pellentesque eget nunc. Donec quis orci eget orci vehicula condimentum. Curabitur in libero ut massa volutpat convallis. Morbi odio odio, elementum eu, interdum eu, tincidunt in, leo. Maecenas pulvinar lobortis est.', 2, 2, 3, 2);
INSERT INTO detta_accidentes (fecha, hora, direccion, lugar, circunstancia, detalles, clasificacion, tipo, evidencia, cliente_id) VALUES ('16/05/2020', '14:17', '1581 Chinook Park', 'Expanded human-resource moderator', 'Curabitur at ipsum ac tellus semper interdum. Mauris ullamcorper purus sit amet nulla. Quisque arcu libero, rutrum ac, lobortis vel, dapibus at, diam.', 'Duis bibendum, felis sed interdum venenatis, turpis enim blandit mi, in porttitor pede justo eu massa. Donec dapibus. Duis at velit eu est congue elementum. In hac habitasse platea dictumst. Morbi vestibulum, velit id pretium iaculis, diam erat fermentum justo, nec condimentum neque sapien placerat ante. Nulla justo.', 2, 2, 2, 4);
INSERT INTO detta_accidentes (fecha, hora, direccion, lugar, circunstancia, detalles, clasificacion, tipo, evidencia, cliente_id) VALUES ('18/06/2020', '14:22', '66 Stuart Way', 'Re-engineered hybrid hierarchy', 'Integer tincidunt ante vel ipsum. Praesent blandit lacinia erat. Vestibulum sed magna at nunc commodo placerat.', 'Curabitur in libero ut massa volutpat convallis. Morbi odio odio, elementum eu, interdum eu, tincidunt in, leo. Maecenas pulvinar lobortis est. Phasellus sit amet erat. Nulla tempus. Vivamus in felis eu sapien cursus vestibulum.', 2, 2, 4, 9);
INSERT INTO detta_accidentes (fecha, hora, direccion, lugar, circunstancia, detalles, clasificacion, tipo, evidencia, cliente_id) VALUES ('21/02/2020', '12:53', '497 South Plaza', 'Configurable upward-trending model', 'Nam ultrices, libero non mattis pulvinar, nulla pede ullamcorper augue, a suscipit nulla elit ac nulla. Sed vel enim sit amet nunc viverra dapibus. Nulla suscipit ligula in lacus.', 'Pellentesque at nulla. Suspendisse potenti. Cras in purus eu magna vulputate luctus. Cum sociis natoque penatibus et magnis dis parturient montes, nascetur ridiculus mus. Vivamus vestibulum sagittis sapien. Cum sociis natoque penatibus et magnis dis parturient montes, nascetur ridiculus mus.', 4, 2, 2, 9);
INSERT INTO detta_accidentes (fecha, hora, direccion, lugar, circunstancia, detalles, clasificacion, tipo, evidencia, cliente_id) VALUES ('07/01/2020', '10:03', '717 Village Street', 'Secured fresh-thinking architecture', 'Duis bibendum, felis sed interdum venenatis, turpis enim blandit mi, in porttitor pede justo eu massa. Donec dapibus. Duis at velit eu est congue elementum.', 'Quisque id justo sit amet sapien dignissim vestibulum. Vestibulum ante ipsum primis in faucibus orci luctus et ultrices posuere cubilia Curae; Nulla dapibus dolor vel est. Donec odio justo, sollicitudin ut, suscipit a, feugiat et, eros. Vestibulum ac est lacinia nisi venenatis tristique. Fusce congue, diam id ornare imperdiet, sapien urna pretium nisl, ut volutpat sapien arcu sed augue. Aliquam erat volutpat.', 1, 1, 2, 4);
INSERT INTO detta_accidentes (fecha, hora, direccion, lugar, circunstancia, detalles, clasificacion, tipo, evidencia, cliente_id) VALUES ('11/06/2020', '20:21', '9 Fallview Way', 'Cross-platform system-worthy core', 'In congue. Etiam justo. Etiam pretium iaculis justo.', 'Sed sagittis. Nam congue, risus semper porta volutpat, quam pede lobortis ligula, sit amet eleifend pede libero quis orci. Nullam molestie nibh in lectus. Pellentesque at nulla. Suspendisse potenti. Cras in purus eu magna vulputate luctus. Cum sociis natoque penatibus et magnis dis parturient montes, nascetur ridiculus mus. Vivamus vestibulum sagittis sapien. Cum sociis natoque penatibus et magnis dis parturient montes, nascetur ridiculus mus.', 4, 1, 3, 9);
INSERT INTO detta_accidentes (fecha, hora, direccion, lugar, circunstancia, detalles, clasificacion, tipo, evidencia, cliente_id) VALUES ('18/01/2020', '19:10', '59296 Anhalt Street', 'Total disintermediate application', 'Nulla ut erat id mauris vulputate elementum. Nullam varius. Nulla facilisi.', 'Curabitur in libero ut massa volutpat convallis. Morbi odio odio, elementum eu, interdum eu, tincidunt in, leo. Maecenas pulvinar lobortis est. Phasellus sit amet erat. Nulla tempus. Vivamus in felis eu sapien cursus vestibulum.', 2, 1, 3, 1);
INSERT INTO detta_accidentes (fecha, hora, direccion, lugar, circunstancia, detalles, clasificacion, tipo, evidencia, cliente_id) VALUES ('24/01/2020', '14:50', '541 Forest Road', 'User-friendly 5th generation secured line', 'Nam ultrices, libero non mattis pulvinar, nulla pede ullamcorper augue, a suscipit nulla elit ac nulla. Sed vel enim sit amet nunc viverra dapibus. Nulla suscipit ligula in lacus.', 'Vestibulum quam sapien, varius ut, blandit non, interdum in, ante. Vestibulum ante ipsum primis in faucibus orci luctus et ultrices posuere cubilia Curae; Duis faucibus accumsan odio. Curabitur convallis. Duis consequat dui nec nisi volutpat eleifend. Donec ut dolor. Morbi vel lectus in quam fringilla rhoncus. Mauris enim leo, rhoncus sed, vestibulum sit amet, cursus id, turpis. Integer aliquet, massa id lobortis convallis, tortor risus dapibus augue, vel accumsan tellus nisi eu orci. Mauris lacinia sapien quis libero.', 1, 2, 1, 6);
INSERT INTO detta_accidentes (fecha, hora, direccion, lugar, circunstancia, detalles, clasificacion, tipo, evidencia, cliente_id) VALUES ('08/02/2020', '10:19', '817 Corben Hill', 'Function-based regional utilisation', 'Morbi non lectus. Aliquam sit amet diam in magna bibendum imperdiet. Nullam orci pede, venenatis non, sodales sed, tincidunt eu, felis.', 'Aenean lectus. Pellentesque eget nunc. Donec quis orci eget orci vehicula condimentum. Curabitur in libero ut massa volutpat convallis. Morbi odio odio, elementum eu, interdum eu, tincidunt in, leo. Maecenas pulvinar lobortis est.', 1, 2, 2, 9);
INSERT INTO detta_accidentes (fecha, hora, direccion, lugar, circunstancia, detalles, clasificacion, tipo, evidencia, cliente_id) VALUES ('05/05/2020', '15:27', '4256 Dunning Circle', 'Polarised multi-state structure', 'Phasellus sit amet erat. Nulla tempus. Vivamus in felis eu sapien cursus vestibulum.', 'Proin leo odio, porttitor id, consequat in, consequat ut, nulla. Sed accumsan felis. Ut at dolor quis odio consequat varius. Integer ac leo. Pellentesque ultrices mattis odio. Donec vitae nisi. Nam ultrices, libero non mattis pulvinar, nulla pede ullamcorper augue, a suscipit nulla elit ac nulla. Sed vel enim sit amet nunc viverra dapibus. Nulla suscipit ligula in lacus.', 4, 2, 3, 2);
INSERT INTO detta_accidentes (fecha, hora, direccion, lugar, circunstancia, detalles, clasificacion, tipo, evidencia, cliente_id) VALUES ('03/05/2020', '11:33', '9373 Prentice Terrace', 'Re-engineered attitude-oriented analyzer', 'Mauris enim leo, rhoncus sed, vestibulum sit amet, cursus id, turpis. Integer aliquet, massa id lobortis convallis, tortor risus dapibus augue, vel accumsan tellus nisi eu orci. Mauris lacinia sapien quis libero.', 'Fusce posuere felis sed lacus. Morbi sem mauris, laoreet ut, rhoncus aliquet, pulvinar sed, nisl. Nunc rhoncus dui vel sem. Sed sagittis. Nam congue, risus semper porta volutpat, quam pede lobortis ligula, sit amet eleifend pede libero quis orci. Nullam molestie nibh in lectus. Pellentesque at nulla. Suspendisse potenti. Cras in purus eu magna vulputate luctus.', 2, 2, 1, 7);
INSERT INTO detta_accidentes (fecha, hora, direccion, lugar, circunstancia, detalles, clasificacion, tipo, evidencia, cliente_id) VALUES ('04/02/2020', '16:32', '43592 American Ash Parkway', 'User-centric tangible framework', 'Aenean lectus. Pellentesque eget nunc. Donec quis orci eget orci vehicula condimentum.', 'Donec diam neque, vestibulum eget, vulputate ut, ultrices vel, augue. Vestibulum ante ipsum primis in faucibus orci luctus et ultrices posuere cubilia Curae; Donec pharetra, magna vestibulum aliquet ultrices, erat tortor sollicitudin mi, sit amet lobortis sapien sapien non mi. Integer ac neque. Duis bibendum. Morbi non quam nec dui luctus rutrum. Nulla tellus.', 3, 1, 3, 8);
INSERT INTO detta_accidentes (fecha, hora, direccion, lugar, circunstancia, detalles, clasificacion, tipo, evidencia, cliente_id) VALUES ('19/01/2020', '15:52', '9 Pawling Center', 'Horizontal tangible groupware', 'In quis justo. Maecenas rhoncus aliquam lacus. Morbi quis tortor id nulla ultrices aliquet.', 'Donec diam neque, vestibulum eget, vulputate ut, ultrices vel, augue. Vestibulum ante ipsum primis in faucibus orci luctus et ultrices posuere cubilia Curae; Donec pharetra, magna vestibulum aliquet ultrices, erat tortor sollicitudin mi, sit amet lobortis sapien sapien non mi. Integer ac neque. Duis bibendum. Morbi non quam nec dui luctus rutrum. Nulla tellus. In sagittis dui vel nisl. Duis ac nibh. Fusce lacus purus, aliquet at, feugiat non, pretium quis, lectus.', 4, 2, 4, 3);
INSERT INTO detta_accidentes (fecha, hora, direccion, lugar, circunstancia, detalles, clasificacion, tipo, evidencia, cliente_id) VALUES ('21/03/2020', '08:32', '925 Daystar Court', 'Fully-configurable motivating access', 'Morbi porttitor lorem id ligula. Suspendisse ornare consequat lectus. In est risus, auctor sed, tristique in, tempus sit amet, sem.', 'In quis justo. Maecenas rhoncus aliquam lacus. Morbi quis tortor id nulla ultrices aliquet. Maecenas leo odio, condimentum id, luctus nec, molestie sed, justo. Pellentesque viverra pede ac diam. Cras pellentesque volutpat dui. Maecenas tristique, est et tempus semper, est quam pharetra magna, ac consequat metus sapien ut nunc. Vestibulum ante ipsum primis in faucibus orci luctus et ultrices posuere cubilia Curae; Mauris viverra diam vitae quam. Suspendisse potenti.', 1, 2, 4, 9);
INSERT INTO detta_accidentes (fecha, hora, direccion, lugar, circunstancia, detalles, clasificacion, tipo, evidencia, cliente_id) VALUES ('13/03/2020', '14:11', '8 Badeau Drive', 'Realigned content-based challenge', 'Integer tincidunt ante vel ipsum. Praesent blandit lacinia erat. Vestibulum sed magna at nunc commodo placerat.', 'Integer tincidunt ante vel ipsum. Praesent blandit lacinia erat. Vestibulum sed magna at nunc commodo placerat. Praesent blandit. Nam nulla. Integer pede justo, lacinia eget, tincidunt eget, tempus vel, pede. Morbi porttitor lorem id ligula. Suspendisse ornare consequat lectus. In est risus, auctor sed, tristique in, tempus sit amet, sem.', 3, 2, 1, 9);
INSERT INTO detta_accidentes (fecha, hora, direccion, lugar, circunstancia, detalles, clasificacion, tipo, evidencia, cliente_id) VALUES ('07/04/2020', '15:25', '34506 Center Center', 'Intuitive background paradigm', 'Suspendisse potenti. In eleifend quam a odio. In hac habitasse platea dictumst.', 'Vestibulum quam sapien, varius ut, blandit non, interdum in, ante. Vestibulum ante ipsum primis in faucibus orci luctus et ultrices posuere cubilia Curae; Duis faucibus accumsan odio. Curabitur convallis. Duis consequat dui nec nisi volutpat eleifend. Donec ut dolor. Morbi vel lectus in quam fringilla rhoncus.', 3, 1, 4, 9);
INSERT INTO detta_accidentes (fecha, hora, direccion, lugar, circunstancia, detalles, clasificacion, tipo, evidencia, cliente_id) VALUES ('08/02/2020', '11:36', '0762 2nd Circle', 'Front-line eco-centric model', 'Sed ante. Vivamus tortor. Duis mattis egestas metus.', 'In hac habitasse platea dictumst. Morbi vestibulum, velit id pretium iaculis, diam erat fermentum justo, nec condimentum neque sapien placerat ante. Nulla justo. Aliquam quis turpis eget elit sodales scelerisque. Mauris sit amet eros. Suspendisse accumsan tortor quis turpis.', 1, 1, 1, 3);
INSERT INTO detta_accidentes (fecha, hora, direccion, lugar, circunstancia, detalles, clasificacion, tipo, evidencia, cliente_id) VALUES ('20/02/2020', '16:12', '15279 Maple Hill', 'Cross-group actuating adapter', 'Maecenas leo odio, condimentum id, luctus nec, molestie sed, justo. Pellentesque viverra pede ac diam. Cras pellentesque volutpat dui.', 'Phasellus sit amet erat. Nulla tempus. Vivamus in felis eu sapien cursus vestibulum. Proin eu mi. Nulla ac enim. In tempor, turpis nec euismod scelerisque, quam turpis adipiscing lorem, vitae mattis nibh ligula nec sem.', 4, 1, 4, 4);
INSERT INTO detta_accidentes (fecha, hora, direccion, lugar, circunstancia, detalles, clasificacion, tipo, evidencia, cliente_id) VALUES ('29/05/2020', '08:19', '828 Redwing Drive', 'Upgradable leading edge matrix', 'In sagittis dui vel nisl. Duis ac nibh. Fusce lacus purus, aliquet at, feugiat non, pretium quis, lectus.', 'Aenean lectus. Pellentesque eget nunc. Donec quis orci eget orci vehicula condimentum. Curabitur in libero ut massa volutpat convallis. Morbi odio odio, elementum eu, interdum eu, tincidunt in, leo. Maecenas pulvinar lobortis est.', 1, 2, 2, 7);
INSERT INTO detta_accidentes (fecha, hora, direccion, lugar, circunstancia, detalles, clasificacion, tipo, evidencia, cliente_id) VALUES ('05/03/2020', '14:39', '699 3rd Park', 'Multi-tiered mission-critical hub', 'Cum sociis natoque penatibus et magnis dis parturient montes, nascetur ridiculus mus. Vivamus vestibulum sagittis sapien. Cum sociis natoque penatibus et magnis dis parturient montes, nascetur ridiculus mus.', 'Maecenas ut massa quis augue luctus tincidunt. Nulla mollis molestie lorem. Quisque ut erat. Curabitur gravida nisi at nibh. In hac habitasse platea dictumst. Aliquam augue quam, sollicitudin vitae, consectetuer eget, rutrum at, lorem. Integer tincidunt ante vel ipsum. Praesent blandit lacinia erat. Vestibulum sed magna at nunc commodo placerat.', 4, 1, 1, 3);
INSERT INTO detta_accidentes (fecha, hora, direccion, lugar, circunstancia, detalles, clasificacion, tipo, evidencia, cliente_id) VALUES ('17/02/2020', '16:31', '29 Kenwood Trail', 'Polarised optimizing time-frame', 'Quisque porta volutpat erat. Quisque erat eros, viverra eget, congue eget, semper rutrum, nulla. Nunc purus.', 'Duis consequat dui nec nisi volutpat eleifend. Donec ut dolor. Morbi vel lectus in quam fringilla rhoncus. Mauris enim leo, rhoncus sed, vestibulum sit amet, cursus id, turpis. Integer aliquet, massa id lobortis convallis, tortor risus dapibus augue, vel accumsan tellus nisi eu orci. Mauris lacinia sapien quis libero. Nullam sit amet turpis elementum ligula vehicula consequat. Morbi a ipsum. Integer a nibh.', 2, 2, 1, 9);
INSERT INTO detta_accidentes (fecha, hora, direccion, lugar, circunstancia, detalles, clasificacion, tipo, evidencia, cliente_id) VALUES ('04/05/2020', '15:23', '294 Veith Alley', 'Digitized next generation software', 'Mauris enim leo, rhoncus sed, vestibulum sit amet, cursus id, turpis. Integer aliquet, massa id lobortis convallis, tortor risus dapibus augue, vel accumsan tellus nisi eu orci. Mauris lacinia sapien quis libero.', 'Etiam vel augue. Vestibulum rutrum rutrum neque. Aenean auctor gravida sem. Praesent id massa id nisl venenatis lacinia. Aenean sit amet justo. Morbi ut odio.', 2, 1, 1, 7);
INSERT INTO detta_accidentes (fecha, hora, direccion, lugar, circunstancia, detalles, clasificacion, tipo, evidencia, cliente_id) VALUES ('10/02/2020', '17:46', '16 Almo Parkway', 'Decentralized static approach', 'Nulla ut erat id mauris vulputate elementum. Nullam varius. Nulla facilisi.', 'Fusce posuere felis sed lacus. Morbi sem mauris, laoreet ut, rhoncus aliquet, pulvinar sed, nisl. Nunc rhoncus dui vel sem. Sed sagittis. Nam congue, risus semper porta volutpat, quam pede lobortis ligula, sit amet eleifend pede libero quis orci. Nullam molestie nibh in lectus. Pellentesque at nulla. Suspendisse potenti. Cras in purus eu magna vulputate luctus.', 1, 2, 1, 8);
INSERT INTO detta_accidentes (fecha, hora, direccion, lugar, circunstancia, detalles, clasificacion, tipo, evidencia, cliente_id) VALUES ('05/01/2020', '16:02', '38 Corry Trail', 'Ergonomic value-added support', 'Quisque id justo sit amet sapien dignissim vestibulum. Vestibulum ante ipsum primis in faucibus orci luctus et ultrices posuere cubilia Curae; Nulla dapibus dolor vel est. Donec odio justo, sollicitudin ut, suscipit a, feugiat et, eros.', 'Sed sagittis. Nam congue, risus semper porta volutpat, quam pede lobortis ligula, sit amet eleifend pede libero quis orci. Nullam molestie nibh in lectus. Pellentesque at nulla. Suspendisse potenti. Cras in purus eu magna vulputate luctus.', 1, 2, 1, 5);
INSERT INTO detta_accidentes (fecha, hora, direccion, lugar, circunstancia, detalles, clasificacion, tipo, evidencia, cliente_id) VALUES ('21/03/2020', '15:31', '87 Dorton Point', 'Future-proofed zero administration flexibility', 'Duis bibendum, felis sed interdum venenatis, turpis enim blandit mi, in porttitor pede justo eu massa. Donec dapibus. Duis at velit eu est congue elementum.', 'Proin interdum mauris non ligula pellentesque ultrices. Phasellus id sapien in sapien iaculis congue. Vivamus metus arcu, adipiscing molestie, hendrerit at, vulputate vitae, nisl. Aenean lectus. Pellentesque eget nunc. Donec quis orci eget orci vehicula condimentum. Curabitur in libero ut massa volutpat convallis. Morbi odio odio, elementum eu, interdum eu, tincidunt in, leo. Maecenas pulvinar lobortis est.', 3, 2, 3, 6);
INSERT INTO detta_accidentes (fecha, hora, direccion, lugar, circunstancia, detalles, clasificacion, tipo, evidencia, cliente_id) VALUES ('08/04/2020', '14:24', '529 Maple Alley', 'User-centric bandwidth-monitored data-warehouse', 'Phasellus in felis. Donec semper sapien a libero. Nam dui.', 'Maecenas leo odio, condimentum id, luctus nec, molestie sed, justo. Pellentesque viverra pede ac diam. Cras pellentesque volutpat dui. Maecenas tristique, est et tempus semper, est quam pharetra magna, ac consequat metus sapien ut nunc. Vestibulum ante ipsum primis in faucibus orci luctus et ultrices posuere cubilia Curae; Mauris viverra diam vitae quam. Suspendisse potenti.', 4, 2, 3, 4);
INSERT INTO detta_accidentes (fecha, hora, direccion, lugar, circunstancia, detalles, clasificacion, tipo, evidencia, cliente_id) VALUES ('24/04/2020', '20:27', '30989 Dunning Drive', 'De-engineered national firmware', 'Fusce consequat. Nulla nisl. Nunc nisl.', 'Morbi porttitor lorem id ligula. Suspendisse ornare consequat lectus. In est risus, auctor sed, tristique in, tempus sit amet, sem. Fusce consequat. Nulla nisl. Nunc nisl. Duis bibendum, felis sed interdum venenatis, turpis enim blandit mi, in porttitor pede justo eu massa. Donec dapibus. Duis at velit eu est congue elementum.', 2, 2, 3, 7);
INSERT INTO detta_accidentes (fecha, hora, direccion, lugar, circunstancia, detalles, clasificacion, tipo, evidencia, cliente_id) VALUES ('31/01/2020', '10:21', '5 Clyde Gallagher Alley', 'Visionary non-volatile Graphic Interface', 'Fusce consequat. Nulla nisl. Nunc nisl.', 'Morbi non lectus. Aliquam sit amet diam in magna bibendum imperdiet. Nullam orci pede, venenatis non, sodales sed, tincidunt eu, felis. Fusce posuere felis sed lacus. Morbi sem mauris, laoreet ut, rhoncus aliquet, pulvinar sed, nisl. Nunc rhoncus dui vel sem. Sed sagittis. Nam congue, risus semper porta volutpat, quam pede lobortis ligula, sit amet eleifend pede libero quis orci. Nullam molestie nibh in lectus.', 4, 2, 4, 1);
INSERT INTO detta_accidentes (fecha, hora, direccion, lugar, circunstancia, detalles, clasificacion, tipo, evidencia, cliente_id) VALUES ('03/03/2020', '17:00', '4 Vahlen Drive', 'Face to face hybrid flexibility', 'Quisque porta volutpat erat. Quisque erat eros, viverra eget, congue eget, semper rutrum, nulla. Nunc purus.', 'Curabitur in libero ut massa volutpat convallis. Morbi odio odio, elementum eu, interdum eu, tincidunt in, leo. Maecenas pulvinar lobortis est. Phasellus sit amet erat. Nulla tempus. Vivamus in felis eu sapien cursus vestibulum.', 2, 1, 4, 9);
INSERT INTO detta_accidentes (fecha, hora, direccion, lugar, circunstancia, detalles, clasificacion, tipo, evidencia, cliente_id) VALUES ('31/03/2020', '10:11', '90363 Dennis Crossing', 'Customizable even-keeled website', 'Phasellus sit amet erat. Nulla tempus. Vivamus in felis eu sapien cursus vestibulum.', 'Nullam sit amet turpis elementum ligula vehicula consequat. Morbi a ipsum. Integer a nibh. In quis justo. Maecenas rhoncus aliquam lacus. Morbi quis tortor id nulla ultrices aliquet. Maecenas leo odio, condimentum id, luctus nec, molestie sed, justo. Pellentesque viverra pede ac diam. Cras pellentesque volutpat dui.', 3, 2, 3, 10);
INSERT INTO detta_accidentes (fecha, hora, direccion, lugar, circunstancia, detalles, clasificacion, tipo, evidencia, cliente_id) VALUES ('16/02/2020', '18:53', '4 Orin Place', 'Pre-emptive composite artificial intelligence', 'Duis aliquam convallis nunc. Proin at turpis a pede posuere nonummy. Integer non velit.', 'Maecenas ut massa quis augue luctus tincidunt. Nulla mollis molestie lorem. Quisque ut erat. Curabitur gravida nisi at nibh. In hac habitasse platea dictumst. Aliquam augue quam, sollicitudin vitae, consectetuer eget, rutrum at, lorem. Integer tincidunt ante vel ipsum. Praesent blandit lacinia erat. Vestibulum sed magna at nunc commodo placerat.', 1, 2, 4, 3);
INSERT INTO detta_accidentes (fecha, hora, direccion, lugar, circunstancia, detalles, clasificacion, tipo, evidencia, cliente_id) VALUES ('03/05/2020', '08:53', '1349 Grayhawk Pass', 'Distributed intermediate algorithm', 'Integer ac leo. Pellentesque ultrices mattis odio. Donec vitae nisi.', 'Lorem ipsum dolor sit amet, consectetuer adipiscing elit. Proin risus. Praesent lectus. Vestibulum quam sapien, varius ut, blandit non, interdum in, ante. Vestibulum ante ipsum primis in faucibus orci luctus et ultrices posuere cubilia Curae; Duis faucibus accumsan odio. Curabitur convallis.', 1, 2, 2, 1);
INSERT INTO detta_accidentes (fecha, hora, direccion, lugar, circunstancia, detalles, clasificacion, tipo, evidencia, cliente_id) VALUES ('08/03/2020', '14:02', '28 Jackson Hill', 'Assimilated tangible artificial intelligence', 'Integer tincidunt ante vel ipsum. Praesent blandit lacinia erat. Vestibulum sed magna at nunc commodo placerat.', 'In sagittis dui vel nisl. Duis ac nibh. Fusce lacus purus, aliquet at, feugiat non, pretium quis, lectus. Suspendisse potenti. In eleifend quam a odio. In hac habitasse platea dictumst.', 4, 1, 2, 6);
INSERT INTO detta_accidentes (fecha, hora, direccion, lugar, circunstancia, detalles, clasificacion, tipo, evidencia, cliente_id) VALUES ('24/03/2020', '12:00', '43966 Garrison Street', 'Seamless asynchronous standardization', 'Proin interdum mauris non ligula pellentesque ultrices. Phasellus id sapien in sapien iaculis congue. Vivamus metus arcu, adipiscing molestie, hendrerit at, vulputate vitae, nisl.', 'Nullam sit amet turpis elementum ligula vehicula consequat. Morbi a ipsum. Integer a nibh. In quis justo. Maecenas rhoncus aliquam lacus. Morbi quis tortor id nulla ultrices aliquet. Maecenas leo odio, condimentum id, luctus nec, molestie sed, justo. Pellentesque viverra pede ac diam. Cras pellentesque volutpat dui.', 1, 1, 1, 2);
INSERT INTO detta_accidentes (fecha, hora, direccion, lugar, circunstancia, detalles, clasificacion, tipo, evidencia, cliente_id) VALUES ('15/01/2020', '14:55', '39 Lotheville Plaza', 'Implemented local application', 'Maecenas ut massa quis augue luctus tincidunt. Nulla mollis molestie lorem. Quisque ut erat.', 'Quisque porta volutpat erat. Quisque erat eros, viverra eget, congue eget, semper rutrum, nulla. Nunc purus. Phasellus in felis. Donec semper sapien a libero. Nam dui.', 1, 2, 1, 1);
INSERT INTO detta_accidentes (fecha, hora, direccion, lugar, circunstancia, detalles, clasificacion, tipo, evidencia, cliente_id) VALUES ('15/06/2020', '12:36', '85 Parkside Point', 'Function-based clear-thinking throughput', 'Vestibulum quam sapien, varius ut, blandit non, interdum in, ante. Vestibulum ante ipsum primis in faucibus orci luctus et ultrices posuere cubilia Curae; Duis faucibus accumsan odio. Curabitur convallis.', 'Proin leo odio, porttitor id, consequat in, consequat ut, nulla. Sed accumsan felis. Ut at dolor quis odio consequat varius. Integer ac leo. Pellentesque ultrices mattis odio. Donec vitae nisi. Nam ultrices, libero non mattis pulvinar, nulla pede ullamcorper augue, a suscipit nulla elit ac nulla. Sed vel enim sit amet nunc viverra dapibus. Nulla suscipit ligula in lacus.', 4, 1, 4, 3);
INSERT INTO detta_accidentes (fecha, hora, direccion, lugar, circunstancia, detalles, clasificacion, tipo, evidencia, cliente_id) VALUES ('10/03/2020', '12:42', '1246 Arrowood Park', 'Robust interactive intranet', 'Lorem ipsum dolor sit amet, consectetuer adipiscing elit. Proin risus. Praesent lectus.', 'Duis bibendum. Morbi non quam nec dui luctus rutrum. Nulla tellus. In sagittis dui vel nisl. Duis ac nibh. Fusce lacus purus, aliquet at, feugiat non, pretium quis, lectus.', 4, 1, 4, 4);
INSERT INTO detta_accidentes (fecha, hora, direccion, lugar, circunstancia, detalles, clasificacion, tipo, evidencia, cliente_id) VALUES ('19/04/2020', '18:01', '61685 Anhalt Court', 'Re-engineered tertiary array', 'Sed sagittis. Nam congue, risus semper porta volutpat, quam pede lobortis ligula, sit amet eleifend pede libero quis orci. Nullam molestie nibh in lectus.', 'Quisque porta volutpat erat. Quisque erat eros, viverra eget, congue eget, semper rutrum, nulla. Nunc purus. Phasellus in felis. Donec semper sapien a libero. Nam dui. Proin leo odio, porttitor id, consequat in, consequat ut, nulla. Sed accumsan felis. Ut at dolor quis odio consequat varius.', 1, 1, 3, 8);
INSERT INTO detta_accidentes (fecha, hora, direccion, lugar, circunstancia, detalles, clasificacion, tipo, evidencia, cliente_id) VALUES ('07/06/2020', '08:43', '77923 Derek Junction', 'Visionary grid-enabled definition', 'Maecenas tristique, est et tempus semper, est quam pharetra magna, ac consequat metus sapien ut nunc. Vestibulum ante ipsum primis in faucibus orci luctus et ultrices posuere cubilia Curae; Mauris viverra diam vitae quam. Suspendisse potenti.', 'Fusce consequat. Nulla nisl. Nunc nisl. Duis bibendum, felis sed interdum venenatis, turpis enim blandit mi, in porttitor pede justo eu massa. Donec dapibus. Duis at velit eu est congue elementum. In hac habitasse platea dictumst. Morbi vestibulum, velit id pretium iaculis, diam erat fermentum justo, nec condimentum neque sapien placerat ante. Nulla justo.', 1, 2, 4, 4);
INSERT INTO detta_accidentes (fecha, hora, direccion, lugar, circunstancia, detalles, clasificacion, tipo, evidencia, cliente_id) VALUES ('13/03/2020', '09:04', '9190 Hooker Street', 'Configurable contextually-based hardware', 'In sagittis dui vel nisl. Duis ac nibh. Fusce lacus purus, aliquet at, feugiat non, pretium quis, lectus.', 'Sed ante. Vivamus tortor. Duis mattis egestas metus. Aenean fermentum. Donec ut mauris eget massa tempor convallis. Nulla neque libero, convallis eget, eleifend luctus, ultricies eu, nibh. Quisque id justo sit amet sapien dignissim vestibulum. Vestibulum ante ipsum primis in faucibus orci luctus et ultrices posuere cubilia Curae; Nulla dapibus dolor vel est. Donec odio justo, sollicitudin ut, suscipit a, feugiat et, eros.', 4, 1, 1, 3);
INSERT INTO detta_accidentes (fecha, hora, direccion, lugar, circunstancia, detalles, clasificacion, tipo, evidencia, cliente_id) VALUES ('29/02/2020', '09:42', '1665 Jenna Plaza', 'Cross-platform value-added contingency', 'Cum sociis natoque penatibus et magnis dis parturient montes, nascetur ridiculus mus. Vivamus vestibulum sagittis sapien. Cum sociis natoque penatibus et magnis dis parturient montes, nascetur ridiculus mus.', 'Aenean lectus. Pellentesque eget nunc. Donec quis orci eget orci vehicula condimentum. Curabitur in libero ut massa volutpat convallis. Morbi odio odio, elementum eu, interdum eu, tincidunt in, leo. Maecenas pulvinar lobortis est.', 3, 1, 3, 3);
INSERT INTO detta_accidentes (fecha, hora, direccion, lugar, circunstancia, detalles, clasificacion, tipo, evidencia, cliente_id) VALUES ('30/05/2020', '12:23', '003 Clemons Trail', 'Organized logistical projection', 'Nulla ut erat id mauris vulputate elementum. Nullam varius. Nulla facilisi.', 'Duis bibendum, felis sed interdum venenatis, turpis enim blandit mi, in porttitor pede justo eu massa. Donec dapibus. Duis at velit eu est congue elementum. In hac habitasse platea dictumst. Morbi vestibulum, velit id pretium iaculis, diam erat fermentum justo, nec condimentum neque sapien placerat ante. Nulla justo. Aliquam quis turpis eget elit sodales scelerisque. Mauris sit amet eros. Suspendisse accumsan tortor quis turpis.', 2, 1, 4, 4);
INSERT INTO detta_accidentes (fecha, hora, direccion, lugar, circunstancia, detalles, clasificacion, tipo, evidencia, cliente_id) VALUES ('18/04/2020', '14:35', '335 Sage Park', 'Virtual maximized middleware', 'Mauris enim leo, rhoncus sed, vestibulum sit amet, cursus id, turpis. Integer aliquet, massa id lobortis convallis, tortor risus dapibus augue, vel accumsan tellus nisi eu orci. Mauris lacinia sapien quis libero.', 'Fusce consequat. Nulla nisl. Nunc nisl. Duis bibendum, felis sed interdum venenatis, turpis enim blandit mi, in porttitor pede justo eu massa. Donec dapibus. Duis at velit eu est congue elementum. In hac habitasse platea dictumst. Morbi vestibulum, velit id pretium iaculis, diam erat fermentum justo, nec condimentum neque sapien placerat ante. Nulla justo.', 1, 2, 1, 9);
INSERT INTO detta_accidentes (fecha, hora, direccion, lugar, circunstancia, detalles, clasificacion, tipo, evidencia, cliente_id) VALUES ('22/01/2020', '11:31', '61603 Heath Place', 'Customizable interactive emulation', 'Mauris enim leo, rhoncus sed, vestibulum sit amet, cursus id, turpis. Integer aliquet, massa id lobortis convallis, tortor risus dapibus augue, vel accumsan tellus nisi eu orci. Mauris lacinia sapien quis libero.', 'Fusce posuere felis sed lacus. Morbi sem mauris, laoreet ut, rhoncus aliquet, pulvinar sed, nisl. Nunc rhoncus dui vel sem. Sed sagittis. Nam congue, risus semper porta volutpat, quam pede lobortis ligula, sit amet eleifend pede libero quis orci. Nullam molestie nibh in lectus. Pellentesque at nulla. Suspendisse potenti. Cras in purus eu magna vulputate luctus.', 3, 2, 4, 6);
INSERT INTO detta_accidentes (fecha, hora, direccion, lugar, circunstancia, detalles, clasificacion, tipo, evidencia, cliente_id) VALUES ('30/03/2020', '17:32', '44 Lakeland Avenue', 'Monitored logistical model', 'In congue. Etiam justo. Etiam pretium iaculis justo.', 'In hac habitasse platea dictumst. Etiam faucibus cursus urna. Ut tellus. Nulla ut erat id mauris vulputate elementum. Nullam varius. Nulla facilisi.', 3, 1, 2, 8);
INSERT INTO detta_accidentes (fecha, hora, direccion, lugar, circunstancia, detalles, clasificacion, tipo, evidencia, cliente_id) VALUES ('18/03/2020', '09:37', '538 Merry Alley', 'Optional fault-tolerant service-desk', 'Duis bibendum. Morbi non quam nec dui luctus rutrum. Nulla tellus.', 'Aliquam quis turpis eget elit sodales scelerisque. Mauris sit amet eros. Suspendisse accumsan tortor quis turpis. Sed ante. Vivamus tortor. Duis mattis egestas metus. Aenean fermentum. Donec ut mauris eget massa tempor convallis. Nulla neque libero, convallis eget, eleifend luctus, ultricies eu, nibh.', 1, 1, 4, 5);
INSERT INTO detta_accidentes (fecha, hora, direccion, lugar, circunstancia, detalles, clasificacion, tipo, evidencia, cliente_id) VALUES ('05/06/2020', '16:02', '32 Hansons Hill', 'Vision-oriented clear-thinking monitoring', 'Curabitur gravida nisi at nibh. In hac habitasse platea dictumst. Aliquam augue quam, sollicitudin vitae, consectetuer eget, rutrum at, lorem.', 'Curabitur gravida nisi at nibh. In hac habitasse platea dictumst. Aliquam augue quam, sollicitudin vitae, consectetuer eget, rutrum at, lorem. Integer tincidunt ante vel ipsum. Praesent blandit lacinia erat. Vestibulum sed magna at nunc commodo placerat. Praesent blandit. Nam nulla. Integer pede justo, lacinia eget, tincidunt eget, tempus vel, pede.', 4, 2, 4, 9);
INSERT INTO detta_accidentes (fecha, hora, direccion, lugar, circunstancia, detalles, clasificacion, tipo, evidencia, cliente_id) VALUES ('15/06/2020', '11:26', '24733 Continental Road', 'Integrated tertiary frame', 'Curabitur in libero ut massa volutpat convallis. Morbi odio odio, elementum eu, interdum eu, tincidunt in, leo. Maecenas pulvinar lobortis est.', 'Aliquam quis turpis eget elit sodales scelerisque. Mauris sit amet eros. Suspendisse accumsan tortor quis turpis. Sed ante. Vivamus tortor. Duis mattis egestas metus.', 4, 2, 2, 1);
INSERT INTO detta_accidentes (fecha, hora, direccion, lugar, circunstancia, detalles, clasificacion, tipo, evidencia, cliente_id) VALUES ('16/02/2020', '19:35', '57054 Crowley Road', 'Stand-alone solution-oriented monitoring', 'Proin interdum mauris non ligula pellentesque ultrices. Phasellus id sapien in sapien iaculis congue. Vivamus metus arcu, adipiscing molestie, hendrerit at, vulputate vitae, nisl.', 'Lorem ipsum dolor sit amet, consectetuer adipiscing elit. Proin risus. Praesent lectus. Vestibulum quam sapien, varius ut, blandit non, interdum in, ante. Vestibulum ante ipsum primis in faucibus orci luctus et ultrices posuere cubilia Curae; Duis faucibus accumsan odio. Curabitur convallis.', 4, 2, 2, 7);
INSERT INTO detta_accidentes (fecha, hora, direccion, lugar, circunstancia, detalles, clasificacion, tipo, evidencia, cliente_id) VALUES ('17/05/2020', '11:51', '7 Thompson Terrace', 'Multi-lateral 24/7 orchestration', 'Sed sagittis. Nam congue, risus semper porta volutpat, quam pede lobortis ligula, sit amet eleifend pede libero quis orci. Nullam molestie nibh in lectus.', 'Proin leo odio, porttitor id, consequat in, consequat ut, nulla. Sed accumsan felis. Ut at dolor quis odio consequat varius. Integer ac leo. Pellentesque ultrices mattis odio. Donec vitae nisi.', 4, 2, 4, 5);
INSERT INTO detta_accidentes (fecha, hora, direccion, lugar, circunstancia, detalles, clasificacion, tipo, evidencia, cliente_id) VALUES ('05/03/2020', '19:33', '02397 Cascade Street', 'Compatible multi-tasking alliance', 'Vestibulum quam sapien, varius ut, blandit non, interdum in, ante. Vestibulum ante ipsum primis in faucibus orci luctus et ultrices posuere cubilia Curae; Duis faucibus accumsan odio. Curabitur convallis.', 'Nullam porttitor lacus at turpis. Donec posuere metus vitae ipsum. Aliquam non mauris. Morbi non lectus. Aliquam sit amet diam in magna bibendum imperdiet. Nullam orci pede, venenatis non, sodales sed, tincidunt eu, felis. Fusce posuere felis sed lacus. Morbi sem mauris, laoreet ut, rhoncus aliquet, pulvinar sed, nisl. Nunc rhoncus dui vel sem.', 2, 1, 4, 7);
INSERT INTO detta_accidentes (fecha, hora, direccion, lugar, circunstancia, detalles, clasificacion, tipo, evidencia, cliente_id) VALUES ('20/06/2020', '15:59', '535 Farmco Hill', 'Multi-layered motivating model', 'Fusce consequat. Nulla nisl. Nunc nisl.', 'Cras mi pede, malesuada in, imperdiet et, commodo vulputate, justo. In blandit ultrices enim. Lorem ipsum dolor sit amet, consectetuer adipiscing elit. Proin interdum mauris non ligula pellentesque ultrices. Phasellus id sapien in sapien iaculis congue. Vivamus metus arcu, adipiscing molestie, hendrerit at, vulputate vitae, nisl. Aenean lectus. Pellentesque eget nunc. Donec quis orci eget orci vehicula condimentum.', 3, 2, 1, 6);
INSERT INTO detta_accidentes (fecha, hora, direccion, lugar, circunstancia, detalles, clasificacion, tipo, evidencia, cliente_id) VALUES ('14/06/2020', '19:34', '37528 Dakota Parkway', 'Stand-alone web-enabled capacity', 'Praesent id massa id nisl venenatis lacinia. Aenean sit amet justo. Morbi ut odio.', 'Morbi porttitor lorem id ligula. Suspendisse ornare consequat lectus. In est risus, auctor sed, tristique in, tempus sit amet, sem. Fusce consequat. Nulla nisl. Nunc nisl. Duis bibendum, felis sed interdum venenatis, turpis enim blandit mi, in porttitor pede justo eu massa. Donec dapibus. Duis at velit eu est congue elementum.', 3, 1, 2, 4);
INSERT INTO detta_accidentes (fecha, hora, direccion, lugar, circunstancia, detalles, clasificacion, tipo, evidencia, cliente_id) VALUES ('09/03/2020', '15:48', '12 Acker Plaza', 'Switchable impactful migration', 'Fusce posuere felis sed lacus. Morbi sem mauris, laoreet ut, rhoncus aliquet, pulvinar sed, nisl. Nunc rhoncus dui vel sem.', 'Proin eu mi. Nulla ac enim. In tempor, turpis nec euismod scelerisque, quam turpis adipiscing lorem, vitae mattis nibh ligula nec sem. Duis aliquam convallis nunc. Proin at turpis a pede posuere nonummy. Integer non velit.', 4, 1, 4, 5);
INSERT INTO detta_accidentes (fecha, hora, direccion, lugar, circunstancia, detalles, clasificacion, tipo, evidencia, cliente_id) VALUES ('15/06/2020', '10:48', '8 Lake View Hill', 'Implemented systemic standardization', 'Cum sociis natoque penatibus et magnis dis parturient montes, nascetur ridiculus mus. Vivamus vestibulum sagittis sapien. Cum sociis natoque penatibus et magnis dis parturient montes, nascetur ridiculus mus.', 'Maecenas ut massa quis augue luctus tincidunt. Nulla mollis molestie lorem. Quisque ut erat. Curabitur gravida nisi at nibh. In hac habitasse platea dictumst. Aliquam augue quam, sollicitudin vitae, consectetuer eget, rutrum at, lorem. Integer tincidunt ante vel ipsum. Praesent blandit lacinia erat. Vestibulum sed magna at nunc commodo placerat.', 3, 2, 1, 9);
INSERT INTO detta_accidentes (fecha, hora, direccion, lugar, circunstancia, detalles, clasificacion, tipo, evidencia, cliente_id) VALUES ('21/01/2020', '12:17', '5186 New Castle Street', 'Face to face local data-warehouse', 'Duis bibendum, felis sed interdum venenatis, turpis enim blandit mi, in porttitor pede justo eu massa. Donec dapibus. Duis at velit eu est congue elementum.', 'Quisque porta volutpat erat. Quisque erat eros, viverra eget, congue eget, semper rutrum, nulla. Nunc purus. Phasellus in felis. Donec semper sapien a libero. Nam dui. Proin leo odio, porttitor id, consequat in, consequat ut, nulla. Sed accumsan felis. Ut at dolor quis odio consequat varius.', 3, 1, 2, 2);
INSERT INTO detta_accidentes (fecha, hora, direccion, lugar, circunstancia, detalles, clasificacion, tipo, evidencia, cliente_id) VALUES ('23/02/2020', '17:22', '489 Division Avenue', 'Optimized asymmetric customer loyalty', 'In quis justo. Maecenas rhoncus aliquam lacus. Morbi quis tortor id nulla ultrices aliquet.', 'Lorem ipsum dolor sit amet, consectetuer adipiscing elit. Proin risus. Praesent lectus. Vestibulum quam sapien, varius ut, blandit non, interdum in, ante. Vestibulum ante ipsum primis in faucibus orci luctus et ultrices posuere cubilia Curae; Duis faucibus accumsan odio. Curabitur convallis.', 4, 2, 1, 6);
INSERT INTO detta_accidentes (fecha, hora, direccion, lugar, circunstancia, detalles, clasificacion, tipo, evidencia, cliente_id) VALUES ('11/02/2020', '13:26', '7 Anniversary Pass', 'Fully-configurable local process improvement', 'Lorem ipsum dolor sit amet, consectetuer adipiscing elit. Proin risus. Praesent lectus.', 'Curabitur in libero ut massa volutpat convallis. Morbi odio odio, elementum eu, interdum eu, tincidunt in, leo. Maecenas pulvinar lobortis est. Phasellus sit amet erat. Nulla tempus. Vivamus in felis eu sapien cursus vestibulum. Proin eu mi. Nulla ac enim. In tempor, turpis nec euismod scelerisque, quam turpis adipiscing lorem, vitae mattis nibh ligula nec sem.', 4, 2, 1, 8);
INSERT INTO detta_accidentes (fecha, hora, direccion, lugar, circunstancia, detalles, clasificacion, tipo, evidencia, cliente_id) VALUES ('22/05/2020', '17:24', '69477 Arizona Crossing', 'Persistent scalable groupware', 'Praesent id massa id nisl venenatis lacinia. Aenean sit amet justo. Morbi ut odio.', 'Nullam sit amet turpis elementum ligula vehicula consequat. Morbi a ipsum. Integer a nibh. In quis justo. Maecenas rhoncus aliquam lacus. Morbi quis tortor id nulla ultrices aliquet. Maecenas leo odio, condimentum id, luctus nec, molestie sed, justo. Pellentesque viverra pede ac diam. Cras pellentesque volutpat dui.', 1, 1, 3, 1);
INSERT INTO detta_accidentes (fecha, hora, direccion, lugar, circunstancia, detalles, clasificacion, tipo, evidencia, cliente_id) VALUES ('14/04/2020', '12:10', '0 Pine View Drive', 'Versatile 3rd generation service-desk', 'Aenean lectus. Pellentesque eget nunc. Donec quis orci eget orci vehicula condimentum.', 'Phasellus in felis. Donec semper sapien a libero. Nam dui. Proin leo odio, porttitor id, consequat in, consequat ut, nulla. Sed accumsan felis. Ut at dolor quis odio consequat varius. Integer ac leo. Pellentesque ultrices mattis odio. Donec vitae nisi.', 3, 2, 2, 4);
INSERT INTO detta_accidentes (fecha, hora, direccion, lugar, circunstancia, detalles, clasificacion, tipo, evidencia, cliente_id) VALUES ('17/05/2020', '17:59', '5 Riverside Avenue', 'Compatible radical task-force', 'Praesent blandit. Nam nulla. Integer pede justo, lacinia eget, tincidunt eget, tempus vel, pede.', 'Suspendisse potenti. In eleifend quam a odio. In hac habitasse platea dictumst. Maecenas ut massa quis augue luctus tincidunt. Nulla mollis molestie lorem. Quisque ut erat. Curabitur gravida nisi at nibh. In hac habitasse platea dictumst. Aliquam augue quam, sollicitudin vitae, consectetuer eget, rutrum at, lorem.', 1, 2, 2, 9);
INSERT INTO detta_accidentes (fecha, hora, direccion, lugar, circunstancia, detalles, clasificacion, tipo, evidencia, cliente_id) VALUES ('26/06/2020', '17:32', '86 Scott Place', 'Inverse object-oriented solution', 'In quis justo. Maecenas rhoncus aliquam lacus. Morbi quis tortor id nulla ultrices aliquet.', 'In hac habitasse platea dictumst. Etiam faucibus cursus urna. Ut tellus. Nulla ut erat id mauris vulputate elementum. Nullam varius. Nulla facilisi.', 2, 2, 2, 4);
INSERT INTO detta_accidentes (fecha, hora, direccion, lugar, circunstancia, detalles, clasificacion, tipo, evidencia, cliente_id) VALUES ('15/06/2020', '08:43', '6 Lindbergh Crossing', 'User-centric high-level structure', 'Donec diam neque, vestibulum eget, vulputate ut, ultrices vel, augue. Vestibulum ante ipsum primis in faucibus orci luctus et ultrices posuere cubilia Curae', 'In hac habitasse platea dictumst. Morbi vestibulum, velit id pretium iaculis, diam erat fermentum justo, nec condimentum neque sapien placerat ante. Nulla justo. Aliquam quis turpis eget elit sodales scelerisque. Mauris sit amet eros. Suspendisse accumsan tortor quis turpis.', 3, 2, 4, 8);
INSERT INTO detta_accidentes (fecha, hora, direccion, lugar, circunstancia, detalles, clasificacion, tipo, evidencia, cliente_id) VALUES ('23/04/2020', '20:14', '244 Kim Pass', 'Progressive full-range hardware', 'Etiam vel augue. Vestibulum rutrum rutrum neque. Aenean auctor gravida sem.', 'Quisque id justo sit amet sapien dignissim vestibulum. Vestibulum ante ipsum primis in faucibus orci luctus et ultrices posuere cubilia Curae; Nulla dapibus dolor vel est. Donec odio justo, sollicitudin ut, suscipit a, feugiat et, eros. Vestibulum ac est lacinia nisi venenatis tristique. Fusce congue, diam id ornare imperdiet, sapien urna pretium nisl, ut volutpat sapien arcu sed augue. Aliquam erat volutpat.', 2, 2, 3, 6);
INSERT INTO detta_accidentes (fecha, hora, direccion, lugar, circunstancia, detalles, clasificacion, tipo, evidencia, cliente_id) VALUES ('28/03/2020', '16:31', '7 Nova Pass', 'Ameliorated scalable success', 'Curabitur gravida nisi at nibh. In hac habitasse platea dictumst. Aliquam augue quam, sollicitudin vitae, consectetuer eget, rutrum at, lorem.', 'Morbi non lectus. Aliquam sit amet diam in magna bibendum imperdiet. Nullam orci pede, venenatis non, sodales sed, tincidunt eu, felis. Fusce posuere felis sed lacus. Morbi sem mauris, laoreet ut, rhoncus aliquet, pulvinar sed, nisl. Nunc rhoncus dui vel sem. Sed sagittis. Nam congue, risus semper porta volutpat, quam pede lobortis ligula, sit amet eleifend pede libero quis orci. Nullam molestie nibh in lectus.', 1, 2, 4, 7);
INSERT INTO detta_accidentes (fecha, hora, direccion, lugar, circunstancia, detalles, clasificacion, tipo, evidencia, cliente_id) VALUES ('24/05/2020', '15:27', '2 Commercial Drive', 'Monitored 6th generation time-frame', 'Aenean lectus. Pellentesque eget nunc. Donec quis orci eget orci vehicula condimentum.', 'Cras non velit nec nisi vulputate nonummy. Maecenas tincidunt lacus at velit. Vivamus vel nulla eget eros elementum pellentesque. Quisque porta volutpat erat. Quisque erat eros, viverra eget, congue eget, semper rutrum, nulla. Nunc purus. Phasellus in felis. Donec semper sapien a libero. Nam dui.', 1, 2, 3, 3);
INSERT INTO detta_accidentes (fecha, hora, direccion, lugar, circunstancia, detalles, clasificacion, tipo, evidencia, cliente_id) VALUES ('10/03/2020', '10:46', '4 Farwell Plaza', 'Digitized eco-centric budgetary management', 'Cras non velit nec nisi vulputate nonummy. Maecenas tincidunt lacus at velit. Vivamus vel nulla eget eros elementum pellentesque.', 'Donec diam neque, vestibulum eget, vulputate ut, ultrices vel, augue. Vestibulum ante ipsum primis in faucibus orci luctus et ultrices posuere cubilia Curae; Donec pharetra, magna vestibulum aliquet ultrices, erat tortor sollicitudin mi, sit amet lobortis sapien sapien non mi. Integer ac neque. Duis bibendum. Morbi non quam nec dui luctus rutrum. Nulla tellus.', 2, 2, 3, 6);
INSERT INTO detta_accidentes (fecha, hora, direccion, lugar, circunstancia, detalles, clasificacion, tipo, evidencia, cliente_id) VALUES ('31/03/2020', '13:43', '5 2nd Place', 'Operative impactful challenge', 'Maecenas tristique, est et tempus semper, est quam pharetra magna, ac consequat metus sapien ut nunc. Vestibulum ante ipsum primis in faucibus orci luctus et ultrices posuere cubilia Curae; Mauris viverra diam vitae quam. Suspendisse potenti.', 'Duis bibendum. Morbi non quam nec dui luctus rutrum. Nulla tellus. In sagittis dui vel nisl. Duis ac nibh. Fusce lacus purus, aliquet at, feugiat non, pretium quis, lectus.', 4, 1, 1, 7);
INSERT INTO detta_accidentes (fecha, hora, direccion, lugar, circunstancia, detalles, clasificacion, tipo, evidencia, cliente_id) VALUES ('11/06/2020', '13:07', '6948 American Ash Street', 'Monitored bi-directional portal', 'Phasellus sit amet erat. Nulla tempus. Vivamus in felis eu sapien cursus vestibulum.', 'Proin eu mi. Nulla ac enim. In tempor, turpis nec euismod scelerisque, quam turpis adipiscing lorem, vitae mattis nibh ligula nec sem. Duis aliquam convallis nunc. Proin at turpis a pede posuere nonummy. Integer non velit.', 1, 1, 1, 8);
INSERT INTO detta_accidentes (fecha, hora, direccion, lugar, circunstancia, detalles, clasificacion, tipo, evidencia, cliente_id) VALUES ('09/04/2020', '11:14', '6813 Tony Plaza', 'Adaptive holistic encryption', 'Morbi non lectus. Aliquam sit amet diam in magna bibendum imperdiet. Nullam orci pede, venenatis non, sodales sed, tincidunt eu, felis.', 'Maecenas leo odio, condimentum id, luctus nec, molestie sed, justo. Pellentesque viverra pede ac diam. Cras pellentesque volutpat dui. Maecenas tristique, est et tempus semper, est quam pharetra magna, ac consequat metus sapien ut nunc. Vestibulum ante ipsum primis in faucibus orci luctus et ultrices posuere cubilia Curae; Mauris viverra diam vitae quam. Suspendisse potenti.', 4, 1, 1, 1);
INSERT INTO detta_accidentes (fecha, hora, direccion, lugar, circunstancia, detalles, clasificacion, tipo, evidencia, cliente_id) VALUES ('27/05/2020', '10:53', '91 Blue Bill Park Street', 'Ergonomic incremental function', 'Praesent id massa id nisl venenatis lacinia. Aenean sit amet justo. Morbi ut odio.', 'Donec diam neque, vestibulum eget, vulputate ut, ultrices vel, augue. Vestibulum ante ipsum primis in faucibus orci luctus et ultrices posuere cubilia Curae; Donec pharetra, magna vestibulum aliquet ultrices, erat tortor sollicitudin mi, sit amet lobortis sapien sapien non mi. Integer ac neque. Duis bibendum. Morbi non quam nec dui luctus rutrum. Nulla tellus. In sagittis dui vel nisl. Duis ac nibh. Fusce lacus purus, aliquet at, feugiat non, pretium quis, lectus.', 4, 1, 2, 10);
INSERT INTO detta_accidentes (fecha, hora, direccion, lugar, circunstancia, detalles, clasificacion, tipo, evidencia, cliente_id) VALUES ('04/03/2020', '08:58', '6377 Vermont Park', 'Total executive access', 'Morbi non lectus. Aliquam sit amet diam in magna bibendum imperdiet. Nullam orci pede, venenatis non, sodales sed, tincidunt eu, felis.', 'Vestibulum ac est lacinia nisi venenatis tristique. Fusce congue, diam id ornare imperdiet, sapien urna pretium nisl, ut volutpat sapien arcu sed augue. Aliquam erat volutpat. In congue. Etiam justo. Etiam pretium iaculis justo.', 2, 1, 2, 9);
