----------------------------------------------------------------------------------------------------
-- Tabla: detta_usuarios
----------------------------------------------------------------------------------------------------

INSERT INTO detta_usuarios (usuario_id, nombre, telefono, email, password, enabled) VALUES (1, 'Administrador Uno', '111111111', 'admin@detta.cl', '$2a$10$YW.QNtpYrJouwMMrmlT28OPxbXzxL2gUGFmbg8THUXaYXRKmcqrjW', '1');

INSERT INTO detta_usuarios (usuario_id, nombre, telefono, email, password, enabled) VALUES (2, 'Profesional Uno', '222222222', 'profesional.uno@detta.cl', '$2a$10$JZvFcnU.ku4sDHCtBjGIOetcK506a0kq5KzvfTkTe7DNYlDKfwbsq', '1');
INSERT INTO detta_usuarios (usuario_id, nombre, telefono, email, password, enabled) VALUES (3, 'Profesional Dos', '333333333', 'profesional.dos@detta.cl', '$2a$10$WfDYhKcRY/QxPAldeES6Q.ih5zSO9GwyNrCjkBWSU6QzLnzXAWjT2', '1');
INSERT INTO detta_usuarios (usuario_id, nombre, telefono, email, password, enabled) VALUES (4, 'Profesional Tres', '444444444', 'profesional.tres@detta.cl', '$2a$10$bEjiVk9QTYyYrgW16ejyKeYwCeEB5jJuwKkzBqiGKzulvHrCppgua', '1');
INSERT INTO detta_usuarios (usuario_id, nombre, telefono, email, password, enabled) VALUES (5, 'Profesional Cuatro', '555555555', 'profesional.cuatro@detta.cl', '$2a$10$5Nivt0GKMRId.174ZI77fudTFfCoiti/hL1xhpiH/QFhvfSXlOgW2', '0');

INSERT INTO detta_usuarios (usuario_id, nombre, telefono, email, password, enabled) VALUES (6, 'Cliente Uno', '666666666', 'cliente@empresa.uno', '$2a$10$5WPTogd6NaSQEW8JH5yxw.O77Ch/VHPxNHZJDKtAsU5SNZc6ITaQu', '1');
INSERT INTO detta_usuarios (usuario_id, nombre, telefono, email, password, enabled) VALUES (7, 'Cliente Dos', '777777777', 'cliente@empresa.dos', '$2a$10$CfhUiOs8xbm1i3wuRtHXw.iVs4phuWS4cjmd.ZFlRj4.GgwbHCm6m', '0');
INSERT INTO detta_usuarios (usuario_id, nombre, telefono, email, password, enabled) VALUES (8, 'Cliente Tres', '888888888', 'cliente@empresa.tres', '$2a$10$Ow9uR9YBQU9zqgW/.OsTle1sNJKYGh1ICf3I2t6.5hs4dXPFdlwNa', '1');
INSERT INTO detta_usuarios (usuario_id, nombre, telefono, email, password, enabled) VALUES (9, 'Cliente Cuatro', '999999999', 'cliente@empresa.cuatro', '$2a$10$aB5/P.K4fFuTUpMSr80xa.017e.z4HC/7YTXkLvyBmDNg8QQPSQle', '1');
INSERT INTO detta_usuarios (usuario_id, nombre, telefono, email, password, enabled) VALUES (10, 'Cliente Cinco', '010101010', 'cliente@empresa.cinco', '$2a$10$DEAeT9FSZZlLfECxJJKQkusTGSMi596d19NlufHUgB.Tj4j3lHziO', '0');
INSERT INTO detta_usuarios (usuario_id, nombre, telefono, email, password, enabled) VALUES (11, 'Cliente Seis', '020202020', 'cliente@empresa.seis', '$2a$10$47aFWWvfILdM81uAsp5Ne.2FR0GgOpjWDWf5NwlIjFeHNBjBBw1de', '1');
INSERT INTO detta_usuarios (usuario_id, nombre, telefono, email, password, enabled) VALUES (12, 'Cliente Siete', '030303030', 'cliente@empresa.siete', '$2a$10$xfuMSDnMtLY.2GysKecq9eGQ1pzGwl.bJpNO8./75GnDbg2ccWI2a', '1');
INSERT INTO detta_usuarios (usuario_id, nombre, telefono, email, password, enabled) VALUES (13, 'Cliente Ocho', '040404040', 'cliente@empresa.ocho', '$2a$10$kNM8kzF/E629XnDro1/3xO8VZLFf/4CBeGR6lBtmAbKN9TL/LqmbO', '0');
INSERT INTO detta_usuarios (usuario_id, nombre, telefono, email, password, enabled) VALUES (14, 'Cliente Nueve', '050505050', 'cliente@empresa.nueve', '$2a$10$mQ4ZrUiMU/U8SXxeahhsEeu9.lusq.cD0l82j8etowFlnE5oQY5tG', '1');
INSERT INTO detta_usuarios (usuario_id, nombre, telefono, email, password, enabled) VALUES (15, 'Cliente Diez', '060606060', 'cliente@empresa.diez', '$2a$10$B3YdPQNBNwcvHvTcybWp0uGidLWx0JihCzghS05JU7khz4jnrKVrO', '1');

----------------------------------------------------------------------------------------------------
-- Tabla: detta_usuarios_roles
----------------------------------------------------------------------------------------------------

INSERT INTO detta_usuarios_roles (rol_id, usuario_id, role) VALUES (1, 1, 'ROLE_ADMIN');

INSERT INTO detta_usuarios_roles (rol_id, usuario_id, role) VALUES (2, 2, 'ROLE_STAFF');
INSERT INTO detta_usuarios_roles (rol_id, usuario_id, role) VALUES (3, 3, 'ROLE_STAFF');
INSERT INTO detta_usuarios_roles (rol_id, usuario_id, role) VALUES (4, 4, 'ROLE_STAFF');
INSERT INTO detta_usuarios_roles (rol_id, usuario_id, role) VALUES (5, 5, 'ROLE_STAFF');

INSERT INTO detta_usuarios_roles (rol_id, usuario_id, role) VALUES (6, 6, 'ROLE_CLIENT');
INSERT INTO detta_usuarios_roles (rol_id, usuario_id, role) VALUES (7, 7, 'ROLE_CLIENT');
INSERT INTO detta_usuarios_roles (rol_id, usuario_id, role) VALUES (8, 8, 'ROLE_CLIENT');
INSERT INTO detta_usuarios_roles (rol_id, usuario_id, role) VALUES (9, 9, 'ROLE_CLIENT');
INSERT INTO detta_usuarios_roles (rol_id, usuario_id, role) VALUES (10, 10, 'ROLE_CLIENT');
INSERT INTO detta_usuarios_roles (rol_id, usuario_id, role) VALUES (11, 11, 'ROLE_CLIENT');
INSERT INTO detta_usuarios_roles (rol_id, usuario_id, role) VALUES (12, 12, 'ROLE_CLIENT');
INSERT INTO detta_usuarios_roles (rol_id, usuario_id, role) VALUES (13, 13, 'ROLE_CLIENT');
INSERT INTO detta_usuarios_roles (rol_id, usuario_id, role) VALUES (14, 14, 'ROLE_CLIENT');
INSERT INTO detta_usuarios_roles (rol_id, usuario_id, role) VALUES (15, 15, 'ROLE_CLIENT');

----------------------------------------------------------------------------------------------------
-- Tabla: detta_profesionales
----------------------------------------------------------------------------------------------------

INSERT INTO detta_profesionales (profesional_id, usuario_id) VALUES (1, 2);
INSERT INTO detta_profesionales (profesional_id, usuario_id) VALUES (2, 3);
INSERT INTO detta_profesionales (profesional_id, usuario_id) VALUES (3, 4);
INSERT INTO detta_profesionales (profesional_id, usuario_id) VALUES (4, 5);

----------------------------------------------------------------------------------------------------
-- Tabla: detta_clientes
----------------------------------------------------------------------------------------------------

INSERT INTO detta_clientes (cliente_id, rut, giro, empleados, tipo, usuario_id, profesional_id) VALUES (1, '111111111', 'Construcción', 125, 1, 6, 2);
INSERT INTO detta_clientes (cliente_id, rut, giro, empleados, tipo, usuario_id, profesional_id) VALUES (2, '222222222', 'Construcción', 85, 2, 7, NULL);
INSERT INTO detta_clientes (cliente_id, rut, giro, empleados, tipo, usuario_id, profesional_id) VALUES (3, '333333333', 'Aseo', 20, 4, 8, 2);
INSERT INTO detta_clientes (cliente_id, rut, giro, empleados, tipo, usuario_id, profesional_id) VALUES (4, '444444444', 'Minería', 44, 1, 9, 3);
INSERT INTO detta_clientes (cliente_id, rut, giro, empleados, tipo, usuario_id, profesional_id) VALUES (5, '555555555', 'Minería', 68, 1, 10, NULL);
INSERT INTO detta_clientes (cliente_id, rut, giro, empleados, tipo, usuario_id, profesional_id) VALUES (6, '666666666', 'Construcción', 25, 3, 11, 4);
INSERT INTO detta_clientes (cliente_id, rut, giro, empleados, tipo, usuario_id, profesional_id) VALUES (7, '777777777', 'Aseo', 14, 4, 12, 3);
INSERT INTO detta_clientes (cliente_id, rut, giro, empleados, tipo, usuario_id, profesional_id) VALUES (8, '888888888', 'Construcción', 33, 2, 13, NULL);
INSERT INTO detta_clientes (cliente_id, rut, giro, empleados, tipo, usuario_id, profesional_id) VALUES (9, '999999999', 'Explosivos', 29, 1, 14, 4);
INSERT INTO detta_clientes (cliente_id, rut, giro, empleados, tipo, usuario_id, profesional_id) VALUES (10, '000000000', 'Catástrofes', 2, 1, 15, 2);

----------------------------------------------------------------------------------------------------
-- Tabla: detta_accidentes
----------------------------------------------------------------------------------------------------

INSERT INTO detta_accidentes (accidente_id, fecha, hora, direccion, lugar, circunstancia, detalles, clasificacion, tipo, evidencia, cliente_id) VALUES (1, '15/04/2020', '18:08', '55 Golf Center', 'Versatile 5th generation data-warehouse', 'In congue. Etiam justo. Etiam pretium iaculis justo.', 'Phasellus in felis. Donec semper sapien a libero. Nam dui. Proin leo odio, porttitor id, consequat in, consequat ut, nulla. Sed accumsan felis. Ut at dolor quis odio consequat varius.', 2, 2, 2, 1);
INSERT INTO detta_accidentes (accidente_id, fecha, hora, direccion, lugar, circunstancia, detalles, clasificacion, tipo, evidencia, cliente_id) VALUES (2, '16/03/2020', '11:00', '2 Brentwood Crossing', 'Multi-channelled transitional neural-net', 'Integer tincidunt ante vel ipsum. Praesent blandit lacinia erat. Vestibulum sed magna at nunc commodo placerat.', 'In hac habitasse platea dictumst. Etiam faucibus cursus urna. Ut tellus. Nulla ut erat id mauris vulputate elementum. Nullam varius. Nulla facilisi.', 1, 2, 1, 1);
INSERT INTO detta_accidentes (accidente_id, fecha, hora, direccion, lugar, circunstancia, detalles, clasificacion, tipo, evidencia, cliente_id) VALUES (3, '14/05/2020', '17:34', '27 Macpherson Hill', 'Innovative well-modulated customer loyalty', 'Vestibulum quam sapien, varius ut, blandit non, interdum in, ante. Vestibulum ante ipsum primis in faucibus orci luctus et ultrices posuere cubilia Curae; Duis faucibus accumsan odio. Curabitur convallis.', 'Phasellus sit amet erat. Nulla tempus. Vivamus in felis eu sapien cursus vestibulum. Proin eu mi. Nulla ac enim. In tempor, turpis nec euismod scelerisque, quam turpis adipiscing lorem, vitae mattis nibh ligula nec sem.', 3, 2, 2, 9);
INSERT INTO detta_accidentes (accidente_id, fecha, hora, direccion, lugar, circunstancia, detalles, clasificacion, tipo, evidencia, cliente_id) VALUES (4, '06/02/2020', '20:26', '06 Paget Pass', 'Seamless multi-state product', 'Duis bibendum, felis sed interdum venenatis, turpis enim blandit mi, in porttitor pede justo eu massa. Donec dapibus. Duis at velit eu est congue elementum.', 'Pellentesque at nulla. Suspendisse potenti. Cras in purus eu magna vulputate luctus. Cum sociis natoque penatibus et magnis dis parturient montes, nascetur ridiculus mus. Vivamus vestibulum sagittis sapien. Cum sociis natoque penatibus et magnis dis parturient montes, nascetur ridiculus mus.', 1, 2, 4, 1);
INSERT INTO detta_accidentes (accidente_id, fecha, hora, direccion, lugar, circunstancia, detalles, clasificacion, tipo, evidencia, cliente_id) VALUES (5, '19/03/2020', '19:13', '60071 Village Trail', 'User-centric asynchronous neural-net', 'Cras mi pede, malesuada in, imperdiet et, commodo vulputate, justo. In blandit ultrices enim. Lorem ipsum dolor sit amet, consectetuer adipiscing elit.', 'In hac habitasse platea dictumst. Etiam faucibus cursus urna. Ut tellus. Nulla ut erat id mauris vulputate elementum. Nullam varius. Nulla facilisi.', 3, 2, 4, 2);
INSERT INTO detta_accidentes (accidente_id, fecha, hora, direccion, lugar, circunstancia, detalles, clasificacion, tipo, evidencia, cliente_id) VALUES (6, '31/05/2020', '08:10', '448 Stephen Point', 'Streamlined neutral alliance', 'Proin eu mi. Nulla ac enim. In tempor, turpis nec euismod scelerisque, quam turpis adipiscing lorem, vitae mattis nibh ligula nec sem.', 'Sed sagittis. Nam congue, risus semper porta volutpat, quam pede lobortis ligula, sit amet eleifend pede libero quis orci. Nullam molestie nibh in lectus. Pellentesque at nulla. Suspendisse potenti. Cras in purus eu magna vulputate luctus.', 3, 1, 1, 7);
INSERT INTO detta_accidentes (accidente_id, fecha, hora, direccion, lugar, circunstancia, detalles, clasificacion, tipo, evidencia, cliente_id) VALUES (7, '15/03/2020', '12:50', '7879 Mendota Hill', 'Optional 5th generation Graphical User Interface', 'Sed sagittis. Nam congue, risus semper porta volutpat, quam pede lobortis ligula, sit amet eleifend pede libero quis orci. Nullam molestie nibh in lectus.', 'Cras non velit nec nisi vulputate nonummy. Maecenas tincidunt lacus at velit. Vivamus vel nulla eget eros elementum pellentesque. Quisque porta volutpat erat. Quisque erat eros, viverra eget, congue eget, semper rutrum, nulla. Nunc purus.', 1, 2, 1, 7);
INSERT INTO detta_accidentes (accidente_id, fecha, hora, direccion, lugar, circunstancia, detalles, clasificacion, tipo, evidencia, cliente_id) VALUES (8, '21/07/2020', '17:57', '9633 Morningstar Avenue', 'Progressive 3rd generation pricing structure', 'Nam ultrices, libero non mattis pulvinar, nulla pede ullamcorper augue, a suscipit nulla elit ac nulla. Sed vel enim sit amet nunc viverra dapibus. Nulla suscipit ligula in lacus.', 'Nullam sit amet turpis elementum ligula vehicula consequat. Morbi a ipsum. Integer a nibh. In quis justo. Maecenas rhoncus aliquam lacus. Morbi quis tortor id nulla ultrices aliquet.', 1, 2, 2, 1);
INSERT INTO detta_accidentes (accidente_id, fecha, hora, direccion, lugar, circunstancia, detalles, clasificacion, tipo, evidencia, cliente_id) VALUES (9, '25/04/2020', '18:36', '21 Holy Cross Drive', 'Sharable empowering encryption', 'Quisque id justo sit amet sapien dignissim vestibulum. Vestibulum ante ipsum primis in faucibus orci luctus et ultrices posuere cubilia Curae; Nulla dapibus dolor vel est. Donec odio justo, sollicitudin ut, suscipit a, feugiat et, eros.', 'In congue. Etiam justo. Etiam pretium iaculis justo. In hac habitasse platea dictumst. Etiam faucibus cursus urna. Ut tellus.', 3, 1, 4, 2);
INSERT INTO detta_accidentes (accidente_id, fecha, hora, direccion, lugar, circunstancia, detalles, clasificacion, tipo, evidencia, cliente_id) VALUES (10, '19/06/2020', '09:13', '67 Dunning Pass', 'Multi-channelled interactive circuit', 'Duis bibendum, felis sed interdum venenatis, turpis enim blandit mi, in porttitor pede justo eu massa. Donec dapibus. Duis at velit eu est congue elementum.', 'Lorem ipsum dolor sit amet, consectetuer adipiscing elit. Proin risus. Praesent lectus. Vestibulum quam sapien, varius ut, blandit non, interdum in, ante. Vestibulum ante ipsum primis in faucibus orci luctus et ultrices posuere cubilia Curae; Duis faucibus accumsan odio. Curabitur convallis.', 3, 1, 2, 7);
INSERT INTO detta_accidentes (accidente_id, fecha, hora, direccion, lugar, circunstancia, detalles, clasificacion, tipo, evidencia, cliente_id) VALUES (11, '24/06/2020', '11:59', '18631 Sage Avenue', 'Public-key background open architecture', 'Nullam sit amet turpis elementum ligula vehicula consequat. Morbi a ipsum. Integer a nibh.', 'Suspendisse potenti. In eleifend quam a odio. In hac habitasse platea dictumst. Maecenas ut massa quis augue luctus tincidunt. Nulla mollis molestie lorem. Quisque ut erat.', 1, 1, 4, 6);
INSERT INTO detta_accidentes (accidente_id, fecha, hora, direccion, lugar, circunstancia, detalles, clasificacion, tipo, evidencia, cliente_id) VALUES (12, '13/01/2020', '08:47', '1 Kensington Pass', 'Persevering client-driven artificial intelligence', 'Etiam vel augue. Vestibulum rutrum rutrum neque. Aenean auctor gravida sem.', 'Duis bibendum. Morbi non quam nec dui luctus rutrum. Nulla tellus. In sagittis dui vel nisl. Duis ac nibh. Fusce lacus purus, aliquet at, feugiat non, pretium quis, lectus.', 4, 1, 3, 7);
INSERT INTO detta_accidentes (accidente_id, fecha, hora, direccion, lugar, circunstancia, detalles, clasificacion, tipo, evidencia, cliente_id) VALUES (13, '21/01/2020', '11:19', '194 Hallows Terrace', 'Adaptive actuating knowledge user', 'Proin eu mi. Nulla ac enim. In tempor, turpis nec euismod scelerisque, quam turpis adipiscing lorem, vitae mattis nibh ligula nec sem.', 'Proin eu mi. Nulla ac enim. In tempor, turpis nec euismod scelerisque, quam turpis adipiscing lorem, vitae mattis nibh ligula nec sem. Duis aliquam convallis nunc. Proin at turpis a pede posuere nonummy. Integer non velit.', 4, 2, 3, 5);
INSERT INTO detta_accidentes (accidente_id, fecha, hora, direccion, lugar, circunstancia, detalles, clasificacion, tipo, evidencia, cliente_id) VALUES (14, '07/07/2020', '09:11', '6849 Oak Hill', 'Re-contextualized transitional intranet', 'In hac habitasse platea dictumst. Etiam faucibus cursus urna. Ut tellus.', 'Mauris enim leo, rhoncus sed, vestibulum sit amet, cursus id, turpis. Integer aliquet, massa id lobortis convallis, tortor risus dapibus augue, vel accumsan tellus nisi eu orci. Mauris lacinia sapien quis libero. Nullam sit amet turpis elementum ligula vehicula consequat. Morbi a ipsum. Integer a nibh.', 2, 2, 1, 8);
INSERT INTO detta_accidentes (accidente_id, fecha, hora, direccion, lugar, circunstancia, detalles, clasificacion, tipo, evidencia, cliente_id) VALUES (15, '17/02/2020', '10:10', '2687 Anniversary Plaza', 'Multi-channelled value-added frame', 'Morbi non lectus. Aliquam sit amet diam in magna bibendum imperdiet. Nullam orci pede, venenatis non, sodales sed, tincidunt eu, felis.', 'Sed sagittis. Nam congue, risus semper porta volutpat, quam pede lobortis ligula, sit amet eleifend pede libero quis orci. Nullam molestie nibh in lectus. Pellentesque at nulla. Suspendisse potenti. Cras in purus eu magna vulputate luctus.', 3, 2, 3, 2);
INSERT INTO detta_accidentes (accidente_id, fecha, hora, direccion, lugar, circunstancia, detalles, clasificacion, tipo, evidencia, cliente_id) VALUES (16, '12/02/2020', '13:00', '38952 Commercial Plaza', 'Focused zero defect interface', 'Lorem ipsum dolor sit amet, consectetuer adipiscing elit. Proin risus. Praesent lectus.', 'Cum sociis natoque penatibus et magnis dis parturient montes, nascetur ridiculus mus. Vivamus vestibulum sagittis sapien. Cum sociis natoque penatibus et magnis dis parturient montes, nascetur ridiculus mus. Etiam vel augue. Vestibulum rutrum rutrum neque. Aenean auctor gravida sem.', 3, 1, 3, 5);
INSERT INTO detta_accidentes (accidente_id, fecha, hora, direccion, lugar, circunstancia, detalles, clasificacion, tipo, evidencia, cliente_id) VALUES (17, '28/04/2020', '14:45', '42046 Kenwood Center', 'Robust tangible hierarchy', 'In sagittis dui vel nisl. Duis ac nibh. Fusce lacus purus, aliquet at, feugiat non, pretium quis, lectus.', 'Phasellus in felis. Donec semper sapien a libero. Nam dui. Proin leo odio, porttitor id, consequat in, consequat ut, nulla. Sed accumsan felis. Ut at dolor quis odio consequat varius.', 2, 2, 4, 10);
INSERT INTO detta_accidentes (accidente_id, fecha, hora, direccion, lugar, circunstancia, detalles, clasificacion, tipo, evidencia, cliente_id) VALUES (18, '01/07/2020', '15:49', '705 Debra Center', 'Ergonomic 5th generation challenge', 'Quisque porta volutpat erat. Quisque erat eros, viverra eget, congue eget, semper rutrum, nulla. Nunc purus.', 'Integer tincidunt ante vel ipsum. Praesent blandit lacinia erat. Vestibulum sed magna at nunc commodo placerat. Praesent blandit. Nam nulla. Integer pede justo, lacinia eget, tincidunt eget, tempus vel, pede.', 2, 2, 4, 4);
INSERT INTO detta_accidentes (accidente_id, fecha, hora, direccion, lugar, circunstancia, detalles, clasificacion, tipo, evidencia, cliente_id) VALUES (19, '05/03/2020', '08:14', '06247 Melody Crossing', 'Fundamental asymmetric website', 'Phasellus sit amet erat. Nulla tempus. Vivamus in felis eu sapien cursus vestibulum.', 'Phasellus sit amet erat. Nulla tempus. Vivamus in felis eu sapien cursus vestibulum. Proin eu mi. Nulla ac enim. In tempor, turpis nec euismod scelerisque, quam turpis adipiscing lorem, vitae mattis nibh ligula nec sem.', 3, 2, 1, 5);
INSERT INTO detta_accidentes (accidente_id, fecha, hora, direccion, lugar, circunstancia, detalles, clasificacion, tipo, evidencia, cliente_id) VALUES (20, '22/02/2020', '16:38', '4 Monterey Court', 'Organic coherent methodology', 'In congue. Etiam justo. Etiam pretium iaculis justo.', 'Aliquam quis turpis eget elit sodales scelerisque. Mauris sit amet eros. Suspendisse accumsan tortor quis turpis. Sed ante. Vivamus tortor. Duis mattis egestas metus.', 2, 1, 2, 1);
INSERT INTO detta_accidentes (accidente_id, fecha, hora, direccion, lugar, circunstancia, detalles, clasificacion, tipo, evidencia, cliente_id) VALUES (21, '07/06/2020', '14:22', '60580 Claremont Crossing', 'Multi-lateral multi-tasking utilisation', 'Integer ac leo. Pellentesque ultrices mattis odio. Donec vitae nisi.', 'Nulla ut erat id mauris vulputate elementum. Nullam varius. Nulla facilisi. Cras non velit nec nisi vulputate nonummy. Maecenas tincidunt lacus at velit. Vivamus vel nulla eget eros elementum pellentesque.', 4, 1, 1, 7);
INSERT INTO detta_accidentes (accidente_id, fecha, hora, direccion, lugar, circunstancia, detalles, clasificacion, tipo, evidencia, cliente_id) VALUES (22, '24/05/2020', '18:36', '942 Forster Hill', 'Business-focused incremental initiative', 'In congue. Etiam justo. Etiam pretium iaculis justo.', 'Maecenas tristique, est et tempus semper, est quam pharetra magna, ac consequat metus sapien ut nunc. Vestibulum ante ipsum primis in faucibus orci luctus et ultrices posuere cubilia Curae; Mauris viverra diam vitae quam. Suspendisse potenti. Nullam porttitor lacus at turpis. Donec posuere metus vitae ipsum. Aliquam non mauris.', 2, 1, 3, 7);
INSERT INTO detta_accidentes (accidente_id, fecha, hora, direccion, lugar, circunstancia, detalles, clasificacion, tipo, evidencia, cliente_id) VALUES (23, '30/03/2020', '19:37', '85 Westridge Plaza', 'Total zero defect infrastructure', 'Phasellus sit amet erat. Nulla tempus. Vivamus in felis eu sapien cursus vestibulum.', 'Morbi non lectus. Aliquam sit amet diam in magna bibendum imperdiet. Nullam orci pede, venenatis non, sodales sed, tincidunt eu, felis. Fusce posuere felis sed lacus. Morbi sem mauris, laoreet ut, rhoncus aliquet, pulvinar sed, nisl. Nunc rhoncus dui vel sem.', 3, 2, 1, 8);
INSERT INTO detta_accidentes (accidente_id, fecha, hora, direccion, lugar, circunstancia, detalles, clasificacion, tipo, evidencia, cliente_id) VALUES (24, '24/02/2020', '18:05', '1 North Drive', 'Virtual incremental help-desk', 'Quisque porta volutpat erat. Quisque erat eros, viverra eget, congue eget, semper rutrum, nulla. Nunc purus.', 'Praesent blandit. Nam nulla. Integer pede justo, lacinia eget, tincidunt eget, tempus vel, pede. Morbi porttitor lorem id ligula. Suspendisse ornare consequat lectus. In est risus, auctor sed, tristique in, tempus sit amet, sem.', 2, 2, 3, 8);
INSERT INTO detta_accidentes (accidente_id, fecha, hora, direccion, lugar, circunstancia, detalles, clasificacion, tipo, evidencia, cliente_id) VALUES (25, '18/03/2020', '08:15', '58496 Magdeline Junction', 'Ameliorated tangible adapter', 'Proin interdum mauris non ligula pellentesque ultrices. Phasellus id sapien in sapien iaculis congue. Vivamus metus arcu, adipiscing molestie, hendrerit at, vulputate vitae, nisl.', 'Morbi non lectus. Aliquam sit amet diam in magna bibendum imperdiet. Nullam orci pede, venenatis non, sodales sed, tincidunt eu, felis. Fusce posuere felis sed lacus. Morbi sem mauris, laoreet ut, rhoncus aliquet, pulvinar sed, nisl. Nunc rhoncus dui vel sem.', 1, 1, 1, 3);
INSERT INTO detta_accidentes (accidente_id, fecha, hora, direccion, lugar, circunstancia, detalles, clasificacion, tipo, evidencia, cliente_id) VALUES (26, '04/04/2020', '12:58', '65178 Coleman Street', 'Extended tangible alliance', 'Curabitur in libero ut massa volutpat convallis. Morbi odio odio, elementum eu, interdum eu, tincidunt in, leo. Maecenas pulvinar lobortis est.', 'Nullam porttitor lacus at turpis. Donec posuere metus vitae ipsum. Aliquam non mauris. Morbi non lectus. Aliquam sit amet diam in magna bibendum imperdiet. Nullam orci pede, venenatis non, sodales sed, tincidunt eu, felis.', 3, 1, 2, 7);
INSERT INTO detta_accidentes (accidente_id, fecha, hora, direccion, lugar, circunstancia, detalles, clasificacion, tipo, evidencia, cliente_id) VALUES (27, '08/04/2020', '09:31', '3 Sauthoff Circle', 'Implemented real-time leverage', 'Nullam porttitor lacus at turpis. Donec posuere metus vitae ipsum. Aliquam non mauris.', 'Mauris enim leo, rhoncus sed, vestibulum sit amet, cursus id, turpis. Integer aliquet, massa id lobortis convallis, tortor risus dapibus augue, vel accumsan tellus nisi eu orci. Mauris lacinia sapien quis libero. Nullam sit amet turpis elementum ligula vehicula consequat. Morbi a ipsum. Integer a nibh.', 2, 1, 2, 2);
INSERT INTO detta_accidentes (accidente_id, fecha, hora, direccion, lugar, circunstancia, detalles, clasificacion, tipo, evidencia, cliente_id) VALUES (28, '04/01/2020', '12:43', '4 Jana Center', 'Business-focused dedicated benchmark', 'Sed ante. Vivamus tortor. Duis mattis egestas metus.', 'Proin leo odio, porttitor id, consequat in, consequat ut, nulla. Sed accumsan felis. Ut at dolor quis odio consequat varius. Integer ac leo. Pellentesque ultrices mattis odio. Donec vitae nisi.', 1, 1, 4, 10);
INSERT INTO detta_accidentes (accidente_id, fecha, hora, direccion, lugar, circunstancia, detalles, clasificacion, tipo, evidencia, cliente_id) VALUES (29, '24/04/2020', '13:30', '04519 Warbler Center', 'Vision-oriented stable monitoring', 'Integer ac leo. Pellentesque ultrices mattis odio. Donec vitae nisi.', 'Aenean fermentum. Donec ut mauris eget massa tempor convallis. Nulla neque libero, convallis eget, eleifend luctus, ultricies eu, nibh. Quisque id justo sit amet sapien dignissim vestibulum. Vestibulum ante ipsum primis in faucibus orci luctus et ultrices posuere cubilia Curae; Nulla dapibus dolor vel est. Donec odio justo, sollicitudin ut, suscipit a, feugiat et, eros.', 4, 2, 3, 7);
INSERT INTO detta_accidentes (accidente_id, fecha, hora, direccion, lugar, circunstancia, detalles, clasificacion, tipo, evidencia, cliente_id) VALUES (30, '22/03/2020', '08:47', '46188 Holmberg Place', 'Intuitive local functionalities', 'Cras mi pede, malesuada in, imperdiet et, commodo vulputate, justo. In blandit ultrices enim. Lorem ipsum dolor sit amet, consectetuer adipiscing elit.', 'Cras non velit nec nisi vulputate nonummy. Maecenas tincidunt lacus at velit. Vivamus vel nulla eget eros elementum pellentesque. Quisque porta volutpat erat. Quisque erat eros, viverra eget, congue eget, semper rutrum, nulla. Nunc purus.', 4, 1, 4, 2);
INSERT INTO detta_accidentes (accidente_id, fecha, hora, direccion, lugar, circunstancia, detalles, clasificacion, tipo, evidencia, cliente_id) VALUES (31, '15/02/2020', '14:24', '03300 Bayside Center', 'Managed system-worthy encryption', 'Nullam sit amet turpis elementum ligula vehicula consequat. Morbi a ipsum. Integer a nibh.', 'Proin eu mi. Nulla ac enim. In tempor, turpis nec euismod scelerisque, quam turpis adipiscing lorem, vitae mattis nibh ligula nec sem. Duis aliquam convallis nunc. Proin at turpis a pede posuere nonummy. Integer non velit.', 4, 2, 1, 1);
INSERT INTO detta_accidentes (accidente_id, fecha, hora, direccion, lugar, circunstancia, detalles, clasificacion, tipo, evidencia, cliente_id) VALUES (32, '21/05/2020', '08:47', '7178 Straubel Avenue', 'Profound clear-thinking process improvement', 'Duis bibendum. Morbi non quam nec dui luctus rutrum. Nulla tellus.', 'Fusce posuere felis sed lacus. Morbi sem mauris, laoreet ut, rhoncus aliquet, pulvinar sed, nisl. Nunc rhoncus dui vel sem. Sed sagittis. Nam congue, risus semper porta volutpat, quam pede lobortis ligula, sit amet eleifend pede libero quis orci. Nullam molestie nibh in lectus.', 2, 2, 3, 6);
INSERT INTO detta_accidentes (accidente_id, fecha, hora, direccion, lugar, circunstancia, detalles, clasificacion, tipo, evidencia, cliente_id) VALUES (33, '01/05/2020', '17:20', '0131 Larry Crossing', 'Triple-buffered systematic framework', 'Morbi non lectus. Aliquam sit amet diam in magna bibendum imperdiet. Nullam orci pede, venenatis non, sodales sed, tincidunt eu, felis.', 'Curabitur gravida nisi at nibh. In hac habitasse platea dictumst. Aliquam augue quam, sollicitudin vitae, consectetuer eget, rutrum at, lorem. Integer tincidunt ante vel ipsum. Praesent blandit lacinia erat. Vestibulum sed magna at nunc commodo placerat.', 2, 2, 4, 6);
INSERT INTO detta_accidentes (accidente_id, fecha, hora, direccion, lugar, circunstancia, detalles, clasificacion, tipo, evidencia, cliente_id) VALUES (34, '18/05/2020', '20:10', '81 American Lane', 'Multi-tiered content-based model', 'In congue. Etiam justo. Etiam pretium iaculis justo.', 'Quisque porta volutpat erat. Quisque erat eros, viverra eget, congue eget, semper rutrum, nulla. Nunc purus. Phasellus in felis. Donec semper sapien a libero. Nam dui.', 3, 1, 3, 3);
INSERT INTO detta_accidentes (accidente_id, fecha, hora, direccion, lugar, circunstancia, detalles, clasificacion, tipo, evidencia, cliente_id) VALUES (35, '01/05/2020', '19:50', '52074 Aberg Road', 'Seamless secondary alliance', 'Etiam vel augue. Vestibulum rutrum rutrum neque. Aenean auctor gravida sem.', 'In quis justo. Maecenas rhoncus aliquam lacus. Morbi quis tortor id nulla ultrices aliquet. Maecenas leo odio, condimentum id, luctus nec, molestie sed, justo. Pellentesque viverra pede ac diam. Cras pellentesque volutpat dui.', 4, 2, 3, 5);
INSERT INTO detta_accidentes (accidente_id, fecha, hora, direccion, lugar, circunstancia, detalles, clasificacion, tipo, evidencia, cliente_id) VALUES (36, '17/02/2020', '14:08', '3534 Prentice Parkway', 'Customizable demand-driven ability', 'Suspendisse potenti. In eleifend quam a odio. In hac habitasse platea dictumst.', 'Fusce posuere felis sed lacus. Morbi sem mauris, laoreet ut, rhoncus aliquet, pulvinar sed, nisl. Nunc rhoncus dui vel sem. Sed sagittis. Nam congue, risus semper porta volutpat, quam pede lobortis ligula, sit amet eleifend pede libero quis orci. Nullam molestie nibh in lectus.', 1, 1, 1, 9);
INSERT INTO detta_accidentes (accidente_id, fecha, hora, direccion, lugar, circunstancia, detalles, clasificacion, tipo, evidencia, cliente_id) VALUES (37, '25/03/2020', '09:57', '99908 Dayton Lane', 'Compatible disintermediate internet solution', 'Duis aliquam convallis nunc. Proin at turpis a pede posuere nonummy. Integer non velit.', 'Curabitur in libero ut massa volutpat convallis. Morbi odio odio, elementum eu, interdum eu, tincidunt in, leo. Maecenas pulvinar lobortis est. Phasellus sit amet erat. Nulla tempus. Vivamus in felis eu sapien cursus vestibulum.', 2, 1, 1, 1);
INSERT INTO detta_accidentes (accidente_id, fecha, hora, direccion, lugar, circunstancia, detalles, clasificacion, tipo, evidencia, cliente_id) VALUES (38, '22/05/2020', '12:18', '40 Roth Plaza', 'Managed maximized time-frame', 'Duis bibendum, felis sed interdum venenatis, turpis enim blandit mi, in porttitor pede justo eu massa. Donec dapibus. Duis at velit eu est congue elementum.', 'Duis bibendum. Morbi non quam nec dui luctus rutrum. Nulla tellus. In sagittis dui vel nisl. Duis ac nibh. Fusce lacus purus, aliquet at, feugiat non, pretium quis, lectus.', 4, 1, 2, 8);
INSERT INTO detta_accidentes (accidente_id, fecha, hora, direccion, lugar, circunstancia, detalles, clasificacion, tipo, evidencia, cliente_id) VALUES (39, '22/06/2020', '17:03', '36 Loftsgordon Road', 'Robust holistic forecast', 'Praesent id massa id nisl venenatis lacinia. Aenean sit amet justo. Morbi ut odio.', 'Aenean lectus. Pellentesque eget nunc. Donec quis orci eget orci vehicula condimentum. Curabitur in libero ut massa volutpat convallis. Morbi odio odio, elementum eu, interdum eu, tincidunt in, leo. Maecenas pulvinar lobortis est.', 4, 2, 1, 6);
INSERT INTO detta_accidentes (accidente_id, fecha, hora, direccion, lugar, circunstancia, detalles, clasificacion, tipo, evidencia, cliente_id) VALUES (40, '30/06/2020', '12:21', '90867 Susan Junction', 'Virtual 6th generation open architecture', 'Sed sagittis. Nam congue, risus semper porta volutpat, quam pede lobortis ligula, sit amet eleifend pede libero quis orci. Nullam molestie nibh in lectus.', 'Mauris enim leo, rhoncus sed, vestibulum sit amet, cursus id, turpis. Integer aliquet, massa id lobortis convallis, tortor risus dapibus augue, vel accumsan tellus nisi eu orci. Mauris lacinia sapien quis libero. Nullam sit amet turpis elementum ligula vehicula consequat. Morbi a ipsum. Integer a nibh.', 3, 2, 3, 10);
INSERT INTO detta_accidentes (accidente_id, fecha, hora, direccion, lugar, circunstancia, detalles, clasificacion, tipo, evidencia, cliente_id) VALUES (41, '15/05/2020', '20:52', '8589 Lotheville Trail', 'Profound 24/7 functionalities', 'Cum sociis natoque penatibus et magnis dis parturient montes, nascetur ridiculus mus. Vivamus vestibulum sagittis sapien. Cum sociis natoque penatibus et magnis dis parturient montes, nascetur ridiculus mus.', 'Proin eu mi. Nulla ac enim. In tempor, turpis nec euismod scelerisque, quam turpis adipiscing lorem, vitae mattis nibh ligula nec sem. Duis aliquam convallis nunc. Proin at turpis a pede posuere nonummy. Integer non velit.', 1, 1, 1, 7);
INSERT INTO detta_accidentes (accidente_id, fecha, hora, direccion, lugar, circunstancia, detalles, clasificacion, tipo, evidencia, cliente_id) VALUES (42, '05/06/2020', '09:06', '69 Meadow Ridge Center', 'Pre-emptive system-worthy workforce', 'Aliquam quis turpis eget elit sodales scelerisque. Mauris sit amet eros. Suspendisse accumsan tortor quis turpis.', 'Cras non velit nec nisi vulputate nonummy. Maecenas tincidunt lacus at velit. Vivamus vel nulla eget eros elementum pellentesque. Quisque porta volutpat erat. Quisque erat eros, viverra eget, congue eget, semper rutrum, nulla. Nunc purus.', 1, 1, 3, 6);
INSERT INTO detta_accidentes (accidente_id, fecha, hora, direccion, lugar, circunstancia, detalles, clasificacion, tipo, evidencia, cliente_id) VALUES (43, '04/06/2020', '08:59', '06395 Pennsylvania Alley', 'Integrated next generation standardization', 'In sagittis dui vel nisl. Duis ac nibh. Fusce lacus purus, aliquet at, feugiat non, pretium quis, lectus.', 'Sed sagittis. Nam congue, risus semper porta volutpat, quam pede lobortis ligula, sit amet eleifend pede libero quis orci. Nullam molestie nibh in lectus. Pellentesque at nulla. Suspendisse potenti. Cras in purus eu magna vulputate luctus.', 1, 2, 4, 9);
INSERT INTO detta_accidentes (accidente_id, fecha, hora, direccion, lugar, circunstancia, detalles, clasificacion, tipo, evidencia, cliente_id) VALUES (44, '18/04/2020', '15:15', '327 Roth Point', 'Seamless hybrid contingency', 'Duis aliquam convallis nunc. Proin at turpis a pede posuere nonummy. Integer non velit.', 'Quisque id justo sit amet sapien dignissim vestibulum. Vestibulum ante ipsum primis in faucibus orci luctus et ultrices posuere cubilia Curae; Nulla dapibus dolor vel est. Donec odio justo, sollicitudin ut, suscipit a, feugiat et, eros. Vestibulum ac est lacinia nisi venenatis tristique. Fusce congue, diam id ornare imperdiet, sapien urna pretium nisl, ut volutpat sapien arcu sed augue. Aliquam erat volutpat.', 4, 2, 4, 9);
INSERT INTO detta_accidentes (accidente_id, fecha, hora, direccion, lugar, circunstancia, detalles, clasificacion, tipo, evidencia, cliente_id) VALUES (45, '14/01/2020', '09:29', '51318 Transport Parkway', 'Down-sized needs-based capability', 'Proin leo odio, porttitor id, consequat in, consequat ut, nulla. Sed accumsan felis. Ut at dolor quis odio consequat varius.', 'Cum sociis natoque penatibus et magnis dis parturient montes, nascetur ridiculus mus. Vivamus vestibulum sagittis sapien. Cum sociis natoque penatibus et magnis dis parturient montes, nascetur ridiculus mus. Etiam vel augue. Vestibulum rutrum rutrum neque. Aenean auctor gravida sem.', 1, 2, 1, 9);
INSERT INTO detta_accidentes (accidente_id, fecha, hora, direccion, lugar, circunstancia, detalles, clasificacion, tipo, evidencia, cliente_id) VALUES (46, '04/03/2020', '17:24', '17029 Hoepker Parkway', 'Multi-channelled local parallelism', 'Vestibulum quam sapien, varius ut, blandit non, interdum in, ante. Vestibulum ante ipsum primis in faucibus orci luctus et ultrices posuere cubilia Curae; Duis faucibus accumsan odio. Curabitur convallis.', 'Vestibulum quam sapien, varius ut, blandit non, interdum in, ante. Vestibulum ante ipsum primis in faucibus orci luctus et ultrices posuere cubilia Curae; Duis faucibus accumsan odio. Curabitur convallis. Duis consequat dui nec nisi volutpat eleifend. Donec ut dolor. Morbi vel lectus in quam fringilla rhoncus.', 3, 2, 2, 1);
INSERT INTO detta_accidentes (accidente_id, fecha, hora, direccion, lugar, circunstancia, detalles, clasificacion, tipo, evidencia, cliente_id) VALUES (47, '03/01/2020', '20:52', '97 Heath Drive', 'Operative empowering software', 'Pellentesque at nulla. Suspendisse potenti. Cras in purus eu magna vulputate luctus.', 'Quisque porta volutpat erat. Quisque erat eros, viverra eget, congue eget, semper rutrum, nulla. Nunc purus. Phasellus in felis. Donec semper sapien a libero. Nam dui.', 3, 1, 2, 3);
INSERT INTO detta_accidentes (accidente_id, fecha, hora, direccion, lugar, circunstancia, detalles, clasificacion, tipo, evidencia, cliente_id) VALUES (48, '04/04/2020', '10:50', '8 Forster Trail', 'Seamless heuristic info-mediaries', 'Nullam sit amet turpis elementum ligula vehicula consequat. Morbi a ipsum. Integer a nibh.', 'Fusce consequat. Nulla nisl. Nunc nisl. Duis bibendum, felis sed interdum venenatis, turpis enim blandit mi, in porttitor pede justo eu massa. Donec dapibus. Duis at velit eu est congue elementum.', 3, 1, 1, 4);
INSERT INTO detta_accidentes (accidente_id, fecha, hora, direccion, lugar, circunstancia, detalles, clasificacion, tipo, evidencia, cliente_id) VALUES (49, '16/01/2020', '11:12', '18 Northview Terrace', 'Expanded transitional contingency', 'In hac habitasse platea dictumst. Etiam faucibus cursus urna. Ut tellus.', 'Maecenas leo odio, condimentum id, luctus nec, molestie sed, justo. Pellentesque viverra pede ac diam. Cras pellentesque volutpat dui. Maecenas tristique, est et tempus semper, est quam pharetra magna, ac consequat metus sapien ut nunc. Vestibulum ante ipsum primis in faucibus orci luctus et ultrices posuere cubilia Curae; Mauris viverra diam vitae quam. Suspendisse potenti.', 2, 2, 3, 9);
INSERT INTO detta_accidentes (accidente_id, fecha, hora, direccion, lugar, circunstancia, detalles, clasificacion, tipo, evidencia, cliente_id) VALUES (50, '16/03/2020', '15:09', '487 Fairfield Avenue', 'Business-focused background open system', 'Nam ultrices, libero non mattis pulvinar, nulla pede ullamcorper augue, a suscipit nulla elit ac nulla. Sed vel enim sit amet nunc viverra dapibus. Nulla suscipit ligula in lacus.', 'Quisque id justo sit amet sapien dignissim vestibulum. Vestibulum ante ipsum primis in faucibus orci luctus et ultrices posuere cubilia Curae; Nulla dapibus dolor vel est. Donec odio justo, sollicitudin ut, suscipit a, feugiat et, eros. Vestibulum ac est lacinia nisi venenatis tristique. Fusce congue, diam id ornare imperdiet, sapien urna pretium nisl, ut volutpat sapien arcu sed augue. Aliquam erat volutpat.', 3, 2, 4, 1);
INSERT INTO detta_accidentes (accidente_id, fecha, hora, direccion, lugar, circunstancia, detalles, clasificacion, tipo, evidencia, cliente_id) VALUES (51, '19/03/2020', '15:24', '16421 Holmberg Hill', 'Synergistic tertiary hub', 'Quisque id justo sit amet sapien dignissim vestibulum. Vestibulum ante ipsum primis in faucibus orci luctus et ultrices posuere cubilia Curae; Nulla dapibus dolor vel est. Donec odio justo, sollicitudin ut, suscipit a, feugiat et, eros.', 'In hac habitasse platea dictumst. Morbi vestibulum, velit id pretium iaculis, diam erat fermentum justo, nec condimentum neque sapien placerat ante. Nulla justo. Aliquam quis turpis eget elit sodales scelerisque. Mauris sit amet eros. Suspendisse accumsan tortor quis turpis.', 1, 1, 2, 8);
INSERT INTO detta_accidentes (accidente_id, fecha, hora, direccion, lugar, circunstancia, detalles, clasificacion, tipo, evidencia, cliente_id) VALUES (52, '25/07/2020', '17:24', '0831 Mendota Terrace', 'Ergonomic optimizing framework', 'Praesent blandit. Nam nulla. Integer pede justo, lacinia eget, tincidunt eget, tempus vel, pede.', 'Suspendisse potenti. In eleifend quam a odio. In hac habitasse platea dictumst. Maecenas ut massa quis augue luctus tincidunt. Nulla mollis molestie lorem. Quisque ut erat.', 1, 2, 1, 5);
INSERT INTO detta_accidentes (accidente_id, fecha, hora, direccion, lugar, circunstancia, detalles, clasificacion, tipo, evidencia, cliente_id) VALUES (53, '24/02/2020', '17:48', '85 Debra Parkway', 'Programmable clear-thinking frame', 'Duis consequat dui nec nisi volutpat eleifend. Donec ut dolor. Morbi vel lectus in quam fringilla rhoncus.', 'Integer tincidunt ante vel ipsum. Praesent blandit lacinia erat. Vestibulum sed magna at nunc commodo placerat. Praesent blandit. Nam nulla. Integer pede justo, lacinia eget, tincidunt eget, tempus vel, pede.', 3, 2, 2, 8);
INSERT INTO detta_accidentes (accidente_id, fecha, hora, direccion, lugar, circunstancia, detalles, clasificacion, tipo, evidencia, cliente_id) VALUES (54, '04/02/2020', '10:23', '088 Dwight Circle', 'Multi-layered homogeneous standardization', 'Maecenas ut massa quis augue luctus tincidunt. Nulla mollis molestie lorem. Quisque ut erat.', 'Nam ultrices, libero non mattis pulvinar, nulla pede ullamcorper augue, a suscipit nulla elit ac nulla. Sed vel enim sit amet nunc viverra dapibus. Nulla suscipit ligula in lacus. Curabitur at ipsum ac tellus semper interdum. Mauris ullamcorper purus sit amet nulla. Quisque arcu libero, rutrum ac, lobortis vel, dapibus at, diam.', 2, 2, 2, 1);
INSERT INTO detta_accidentes (accidente_id, fecha, hora, direccion, lugar, circunstancia, detalles, clasificacion, tipo, evidencia, cliente_id) VALUES (55, '31/03/2020', '19:29', '339 Bayside Point', 'Ergonomic impactful moratorium', 'Nam ultrices, libero non mattis pulvinar, nulla pede ullamcorper augue, a suscipit nulla elit ac nulla. Sed vel enim sit amet nunc viverra dapibus. Nulla suscipit ligula in lacus.', 'Sed ante. Vivamus tortor. Duis mattis egestas metus. Aenean fermentum. Donec ut mauris eget massa tempor convallis. Nulla neque libero, convallis eget, eleifend luctus, ultricies eu, nibh.', 3, 2, 1, 9);
INSERT INTO detta_accidentes (accidente_id, fecha, hora, direccion, lugar, circunstancia, detalles, clasificacion, tipo, evidencia, cliente_id) VALUES (56, '24/03/2020', '18:07', '3495 Northfield Drive', 'Total background superstructure', 'In congue. Etiam justo. Etiam pretium iaculis justo.', 'Donec diam neque, vestibulum eget, vulputate ut, ultrices vel, augue. Vestibulum ante ipsum primis in faucibus orci luctus et ultrices posuere cubilia Curae; Donec pharetra, magna vestibulum aliquet ultrices, erat tortor sollicitudin mi, sit amet lobortis sapien sapien non mi. Integer ac neque. Duis bibendum. Morbi non quam nec dui luctus rutrum. Nulla tellus.', 4, 2, 3, 1);
INSERT INTO detta_accidentes (accidente_id, fecha, hora, direccion, lugar, circunstancia, detalles, clasificacion, tipo, evidencia, cliente_id) VALUES (57, '08/04/2020', '13:43', '579 Del Mar Alley', 'Team-oriented content-based local area network', 'In sagittis dui vel nisl. Duis ac nibh. Fusce lacus purus, aliquet at, feugiat non, pretium quis, lectus.', 'Duis consequat dui nec nisi volutpat eleifend. Donec ut dolor. Morbi vel lectus in quam fringilla rhoncus. Mauris enim leo, rhoncus sed, vestibulum sit amet, cursus id, turpis. Integer aliquet, massa id lobortis convallis, tortor risus dapibus augue, vel accumsan tellus nisi eu orci. Mauris lacinia sapien quis libero.', 1, 2, 4, 6);
INSERT INTO detta_accidentes (accidente_id, fecha, hora, direccion, lugar, circunstancia, detalles, clasificacion, tipo, evidencia, cliente_id) VALUES (58, '07/06/2020', '08:07', '8 Tennessee Street', 'Quality-focused uniform alliance', 'Proin eu mi. Nulla ac enim. In tempor, turpis nec euismod scelerisque, quam turpis adipiscing lorem, vitae mattis nibh ligula nec sem.', 'Sed ante. Vivamus tortor. Duis mattis egestas metus. Aenean fermentum. Donec ut mauris eget massa tempor convallis. Nulla neque libero, convallis eget, eleifend luctus, ultricies eu, nibh.', 2, 2, 4, 9);
INSERT INTO detta_accidentes (accidente_id, fecha, hora, direccion, lugar, circunstancia, detalles, clasificacion, tipo, evidencia, cliente_id) VALUES (59, '04/06/2020', '19:41', '76606 Calypso Street', 'Re-engineered clear-thinking knowledge user', 'Curabitur at ipsum ac tellus semper interdum. Mauris ullamcorper purus sit amet nulla. Quisque arcu libero, rutrum ac, lobortis vel, dapibus at, diam.', 'Proin eu mi. Nulla ac enim. In tempor, turpis nec euismod scelerisque, quam turpis adipiscing lorem, vitae mattis nibh ligula nec sem. Duis aliquam convallis nunc. Proin at turpis a pede posuere nonummy. Integer non velit.', 2, 2, 4, 7);
INSERT INTO detta_accidentes (accidente_id, fecha, hora, direccion, lugar, circunstancia, detalles, clasificacion, tipo, evidencia, cliente_id) VALUES (60, '22/06/2020', '13:40', '9 6th Plaza', 'Public-key 24/7 secured line', 'Morbi non lectus. Aliquam sit amet diam in magna bibendum imperdiet. Nullam orci pede, venenatis non, sodales sed, tincidunt eu, felis.', 'Fusce posuere felis sed lacus. Morbi sem mauris, laoreet ut, rhoncus aliquet, pulvinar sed, nisl. Nunc rhoncus dui vel sem. Sed sagittis. Nam congue, risus semper porta volutpat, quam pede lobortis ligula, sit amet eleifend pede libero quis orci. Nullam molestie nibh in lectus.', 4, 1, 2, 5);
INSERT INTO detta_accidentes (accidente_id, fecha, hora, direccion, lugar, circunstancia, detalles, clasificacion, tipo, evidencia, cliente_id) VALUES (61, '17/07/2020', '20:50', '196 Saint Paul Street', 'Cross-group hybrid workforce', 'Vestibulum ac est lacinia nisi venenatis tristique. Fusce congue, diam id ornare imperdiet, sapien urna pretium nisl, ut volutpat sapien arcu sed augue. Aliquam erat volutpat.', 'Nulla ut erat id mauris vulputate elementum. Nullam varius. Nulla facilisi. Cras non velit nec nisi vulputate nonummy. Maecenas tincidunt lacus at velit. Vivamus vel nulla eget eros elementum pellentesque.', 4, 2, 2, 1);
INSERT INTO detta_accidentes (accidente_id, fecha, hora, direccion, lugar, circunstancia, detalles, clasificacion, tipo, evidencia, cliente_id) VALUES (62, '17/06/2020', '18:34', '73959 2nd Place', 'Switchable tertiary artificial intelligence', 'Maecenas ut massa quis augue luctus tincidunt. Nulla mollis molestie lorem. Quisque ut erat.', 'Maecenas ut massa quis augue luctus tincidunt. Nulla mollis molestie lorem. Quisque ut erat. Curabitur gravida nisi at nibh. In hac habitasse platea dictumst. Aliquam augue quam, sollicitudin vitae, consectetuer eget, rutrum at, lorem.', 3, 1, 3, 10);
INSERT INTO detta_accidentes (accidente_id, fecha, hora, direccion, lugar, circunstancia, detalles, clasificacion, tipo, evidencia, cliente_id) VALUES (63, '18/02/2020', '12:49', '5 Heath Lane', 'Adaptive didactic challenge', 'Etiam vel augue. Vestibulum rutrum rutrum neque. Aenean auctor gravida sem.', 'Proin eu mi. Nulla ac enim. In tempor, turpis nec euismod scelerisque, quam turpis adipiscing lorem, vitae mattis nibh ligula nec sem. Duis aliquam convallis nunc. Proin at turpis a pede posuere nonummy. Integer non velit.', 2, 2, 1, 6);
INSERT INTO detta_accidentes (accidente_id, fecha, hora, direccion, lugar, circunstancia, detalles, clasificacion, tipo, evidencia, cliente_id) VALUES (64, '05/06/2020', '10:39', '32327 Grayhawk Plaza', 'Enterprise-wide explicit approach', 'Aliquam quis turpis eget elit sodales scelerisque. Mauris sit amet eros. Suspendisse accumsan tortor quis turpis.', 'Cras mi pede, malesuada in, imperdiet et, commodo vulputate, justo. In blandit ultrices enim. Lorem ipsum dolor sit amet, consectetuer adipiscing elit. Proin interdum mauris non ligula pellentesque ultrices. Phasellus id sapien in sapien iaculis congue. Vivamus metus arcu, adipiscing molestie, hendrerit at, vulputate vitae, nisl.', 1, 1, 3, 6);
INSERT INTO detta_accidentes (accidente_id, fecha, hora, direccion, lugar, circunstancia, detalles, clasificacion, tipo, evidencia, cliente_id) VALUES (65, '18/03/2020', '19:09', '0918 Fieldstone Place', 'Public-key client-driven definition', 'Aenean lectus. Pellentesque eget nunc. Donec quis orci eget orci vehicula condimentum.', 'Maecenas leo odio, condimentum id, luctus nec, molestie sed, justo. Pellentesque viverra pede ac diam. Cras pellentesque volutpat dui. Maecenas tristique, est et tempus semper, est quam pharetra magna, ac consequat metus sapien ut nunc. Vestibulum ante ipsum primis in faucibus orci luctus et ultrices posuere cubilia Curae; Mauris viverra diam vitae quam. Suspendisse potenti.', 3, 2, 4, 5);
INSERT INTO detta_accidentes (accidente_id, fecha, hora, direccion, lugar, circunstancia, detalles, clasificacion, tipo, evidencia, cliente_id) VALUES (66, '18/03/2020', '09:13', '304 Dahle Road', 'De-engineered real-time framework', 'Vestibulum quam sapien, varius ut, blandit non, interdum in, ante. Vestibulum ante ipsum primis in faucibus orci luctus et ultrices posuere cubilia Curae; Duis faucibus accumsan odio. Curabitur convallis.', 'Nam ultrices, libero non mattis pulvinar, nulla pede ullamcorper augue, a suscipit nulla elit ac nulla. Sed vel enim sit amet nunc viverra dapibus. Nulla suscipit ligula in lacus. Curabitur at ipsum ac tellus semper interdum. Mauris ullamcorper purus sit amet nulla. Quisque arcu libero, rutrum ac, lobortis vel, dapibus at, diam.', 3, 1, 3, 9);
INSERT INTO detta_accidentes (accidente_id, fecha, hora, direccion, lugar, circunstancia, detalles, clasificacion, tipo, evidencia, cliente_id) VALUES (67, '01/03/2020', '16:38', '98606 Oak Avenue', 'Organic optimal customer loyalty', 'Integer ac leo. Pellentesque ultrices mattis odio. Donec vitae nisi.', 'In quis justo. Maecenas rhoncus aliquam lacus. Morbi quis tortor id nulla ultrices aliquet. Maecenas leo odio, condimentum id, luctus nec, molestie sed, justo. Pellentesque viverra pede ac diam. Cras pellentesque volutpat dui.', 2, 2, 3, 4);
INSERT INTO detta_accidentes (accidente_id, fecha, hora, direccion, lugar, circunstancia, detalles, clasificacion, tipo, evidencia, cliente_id) VALUES (68, '21/01/2020', '12:43', '6875 Ohio Center', 'Fully-configurable static project', 'Nullam porttitor lacus at turpis. Donec posuere metus vitae ipsum. Aliquam non mauris.', 'Quisque porta volutpat erat. Quisque erat eros, viverra eget, congue eget, semper rutrum, nulla. Nunc purus. Phasellus in felis. Donec semper sapien a libero. Nam dui.', 2, 1, 1, 4);
INSERT INTO detta_accidentes (accidente_id, fecha, hora, direccion, lugar, circunstancia, detalles, clasificacion, tipo, evidencia, cliente_id) VALUES (69, '13/06/2020', '11:18', '6 Fallview Park', 'Profit-focused analyzing standardization', 'Quisque porta volutpat erat. Quisque erat eros, viverra eget, congue eget, semper rutrum, nulla. Nunc purus.', 'Maecenas leo odio, condimentum id, luctus nec, molestie sed, justo. Pellentesque viverra pede ac diam. Cras pellentesque volutpat dui. Maecenas tristique, est et tempus semper, est quam pharetra magna, ac consequat metus sapien ut nunc. Vestibulum ante ipsum primis in faucibus orci luctus et ultrices posuere cubilia Curae; Mauris viverra diam vitae quam. Suspendisse potenti.', 1, 2, 4, 7);
INSERT INTO detta_accidentes (accidente_id, fecha, hora, direccion, lugar, circunstancia, detalles, clasificacion, tipo, evidencia, cliente_id) VALUES (70, '25/06/2020', '19:01', '4924 American Ash Circle', 'Re-contextualized non-volatile protocol', 'Pellentesque at nulla. Suspendisse potenti. Cras in purus eu magna vulputate luctus.', 'Sed ante. Vivamus tortor. Duis mattis egestas metus. Aenean fermentum. Donec ut mauris eget massa tempor convallis. Nulla neque libero, convallis eget, eleifend luctus, ultricies eu, nibh.', 1, 1, 1, 7);
INSERT INTO detta_accidentes (accidente_id, fecha, hora, direccion, lugar, circunstancia, detalles, clasificacion, tipo, evidencia, cliente_id) VALUES (71, '10/06/2020', '08:16', '099 Bashford Way', 'Face to face logistical implementation', 'Aliquam quis turpis eget elit sodales scelerisque. Mauris sit amet eros. Suspendisse accumsan tortor quis turpis.', 'Phasellus in felis. Donec semper sapien a libero. Nam dui. Proin leo odio, porttitor id, consequat in, consequat ut, nulla. Sed accumsan felis. Ut at dolor quis odio consequat varius.', 4, 1, 1, 1);
INSERT INTO detta_accidentes (accidente_id, fecha, hora, direccion, lugar, circunstancia, detalles, clasificacion, tipo, evidencia, cliente_id) VALUES (72, '12/05/2020', '17:54', '1610 Pepper Wood Lane', 'Synergistic client-driven system engine', 'Etiam vel augue. Vestibulum rutrum rutrum neque. Aenean auctor gravida sem.', 'Aenean fermentum. Donec ut mauris eget massa tempor convallis. Nulla neque libero, convallis eget, eleifend luctus, ultricies eu, nibh. Quisque id justo sit amet sapien dignissim vestibulum. Vestibulum ante ipsum primis in faucibus orci luctus et ultrices posuere cubilia Curae; Nulla dapibus dolor vel est. Donec odio justo, sollicitudin ut, suscipit a, feugiat et, eros.', 1, 2, 4, 6);
INSERT INTO detta_accidentes (accidente_id, fecha, hora, direccion, lugar, circunstancia, detalles, clasificacion, tipo, evidencia, cliente_id) VALUES (73, '16/02/2020', '12:13', '925 Express Trail', 'Realigned object-oriented process improvement', 'Sed sagittis. Nam congue, risus semper porta volutpat, quam pede lobortis ligula, sit amet eleifend pede libero quis orci. Nullam molestie nibh in lectus.', 'Maecenas leo odio, condimentum id, luctus nec, molestie sed, justo. Pellentesque viverra pede ac diam. Cras pellentesque volutpat dui. Maecenas tristique, est et tempus semper, est quam pharetra magna, ac consequat metus sapien ut nunc. Vestibulum ante ipsum primis in faucibus orci luctus et ultrices posuere cubilia Curae; Mauris viverra diam vitae quam. Suspendisse potenti.', 1, 2, 1, 4);
INSERT INTO detta_accidentes (accidente_id, fecha, hora, direccion, lugar, circunstancia, detalles, clasificacion, tipo, evidencia, cliente_id) VALUES (74, '17/04/2020', '16:47', '772 Marquette Trail', 'Horizontal holistic encoding', 'Proin interdum mauris non ligula pellentesque ultrices. Phasellus id sapien in sapien iaculis congue. Vivamus metus arcu, adipiscing molestie, hendrerit at, vulputate vitae, nisl.', 'Duis bibendum. Morbi non quam nec dui luctus rutrum. Nulla tellus. In sagittis dui vel nisl. Duis ac nibh. Fusce lacus purus, aliquet at, feugiat non, pretium quis, lectus.', 3, 1, 2, 1);
INSERT INTO detta_accidentes (accidente_id, fecha, hora, direccion, lugar, circunstancia, detalles, clasificacion, tipo, evidencia, cliente_id) VALUES (75, '21/02/2020', '17:39', '860 Lake View Junction', 'Ergonomic system-worthy solution', 'Nullam porttitor lacus at turpis. Donec posuere metus vitae ipsum. Aliquam non mauris.', 'Proin leo odio, porttitor id, consequat in, consequat ut, nulla. Sed accumsan felis. Ut at dolor quis odio consequat varius. Integer ac leo. Pellentesque ultrices mattis odio. Donec vitae nisi.', 2, 1, 3, 7);
INSERT INTO detta_accidentes (accidente_id, fecha, hora, direccion, lugar, circunstancia, detalles, clasificacion, tipo, evidencia, cliente_id) VALUES (76, '23/04/2020', '09:29', '03441 Johnson Junction', 'Advanced grid-enabled model', 'Curabitur gravida nisi at nibh. In hac habitasse platea dictumst. Aliquam augue quam, sollicitudin vitae, consectetuer eget, rutrum at, lorem.', 'In sagittis dui vel nisl. Duis ac nibh. Fusce lacus purus, aliquet at, feugiat non, pretium quis, lectus. Suspendisse potenti. In eleifend quam a odio. In hac habitasse platea dictumst.', 3, 1, 1, 1);
INSERT INTO detta_accidentes (accidente_id, fecha, hora, direccion, lugar, circunstancia, detalles, clasificacion, tipo, evidencia, cliente_id) VALUES (77, '17/06/2020', '13:57', '19 Cordelia Center', 'Automated empowering artificial intelligence', 'Fusce consequat. Nulla nisl. Nunc nisl.', 'Praesent blandit. Nam nulla. Integer pede justo, lacinia eget, tincidunt eget, tempus vel, pede. Morbi porttitor lorem id ligula. Suspendisse ornare consequat lectus. In est risus, auctor sed, tristique in, tempus sit amet, sem.', 2, 1, 2, 7);
INSERT INTO detta_accidentes (accidente_id, fecha, hora, direccion, lugar, circunstancia, detalles, clasificacion, tipo, evidencia, cliente_id) VALUES (78, '14/04/2020', '17:05', '1 Victoria Road', 'Polarised systemic ability', 'In quis justo. Maecenas rhoncus aliquam lacus. Morbi quis tortor id nulla ultrices aliquet.', 'Aenean lectus. Pellentesque eget nunc. Donec quis orci eget orci vehicula condimentum. Curabitur in libero ut massa volutpat convallis. Morbi odio odio, elementum eu, interdum eu, tincidunt in, leo. Maecenas pulvinar lobortis est.', 1, 1, 3, 6);
INSERT INTO detta_accidentes (accidente_id, fecha, hora, direccion, lugar, circunstancia, detalles, clasificacion, tipo, evidencia, cliente_id) VALUES (79, '24/04/2020', '16:05', '2 Sugar Terrace', 'Programmable neutral knowledge user', 'Duis bibendum. Morbi non quam nec dui luctus rutrum. Nulla tellus.', 'Mauris enim leo, rhoncus sed, vestibulum sit amet, cursus id, turpis. Integer aliquet, massa id lobortis convallis, tortor risus dapibus augue, vel accumsan tellus nisi eu orci. Mauris lacinia sapien quis libero. Nullam sit amet turpis elementum ligula vehicula consequat. Morbi a ipsum. Integer a nibh.', 4, 2, 1, 1);
INSERT INTO detta_accidentes (accidente_id, fecha, hora, direccion, lugar, circunstancia, detalles, clasificacion, tipo, evidencia, cliente_id) VALUES (80, '26/05/2020', '13:11', '3 Graceland Crossing', 'Front-line client-driven success', 'In sagittis dui vel nisl. Duis ac nibh. Fusce lacus purus, aliquet at, feugiat non, pretium quis, lectus.', 'Cum sociis natoque penatibus et magnis dis parturient montes, nascetur ridiculus mus. Vivamus vestibulum sagittis sapien. Cum sociis natoque penatibus et magnis dis parturient montes, nascetur ridiculus mus. Etiam vel augue. Vestibulum rutrum rutrum neque. Aenean auctor gravida sem.', 1, 2, 2, 4);
INSERT INTO detta_accidentes (accidente_id, fecha, hora, direccion, lugar, circunstancia, detalles, clasificacion, tipo, evidencia, cliente_id) VALUES (81, '15/02/2020', '15:14', '3035 Di Loreto Junction', 'Grass-roots contextually-based initiative', 'Duis aliquam convallis nunc. Proin at turpis a pede posuere nonummy. Integer non velit.', 'Sed ante. Vivamus tortor. Duis mattis egestas metus. Aenean fermentum. Donec ut mauris eget massa tempor convallis. Nulla neque libero, convallis eget, eleifend luctus, ultricies eu, nibh.', 3, 2, 2, 3);
INSERT INTO detta_accidentes (accidente_id, fecha, hora, direccion, lugar, circunstancia, detalles, clasificacion, tipo, evidencia, cliente_id) VALUES (82, '19/03/2020', '19:55', '4537 Glendale Street', 'Intuitive bifurcated interface', 'In quis justo. Maecenas rhoncus aliquam lacus. Morbi quis tortor id nulla ultrices aliquet.', 'In quis justo. Maecenas rhoncus aliquam lacus. Morbi quis tortor id nulla ultrices aliquet. Maecenas leo odio, condimentum id, luctus nec, molestie sed, justo. Pellentesque viverra pede ac diam. Cras pellentesque volutpat dui.', 3, 2, 1, 5);
INSERT INTO detta_accidentes (accidente_id, fecha, hora, direccion, lugar, circunstancia, detalles, clasificacion, tipo, evidencia, cliente_id) VALUES (83, '07/02/2020', '15:44', '620 Hudson Alley', 'Secured context-sensitive data-warehouse', 'Proin eu mi. Nulla ac enim. In tempor, turpis nec euismod scelerisque, quam turpis adipiscing lorem, vitae mattis nibh ligula nec sem.', 'In congue. Etiam justo. Etiam pretium iaculis justo. In hac habitasse platea dictumst. Etiam faucibus cursus urna. Ut tellus.', 2, 1, 4, 10);
INSERT INTO detta_accidentes (accidente_id, fecha, hora, direccion, lugar, circunstancia, detalles, clasificacion, tipo, evidencia, cliente_id) VALUES (84, '03/02/2020', '12:58', '5881 Kings Park', 'Polarised content-based functionalities', 'Sed sagittis. Nam congue, risus semper porta volutpat, quam pede lobortis ligula, sit amet eleifend pede libero quis orci. Nullam molestie nibh in lectus.', 'Mauris enim leo, rhoncus sed, vestibulum sit amet, cursus id, turpis. Integer aliquet, massa id lobortis convallis, tortor risus dapibus augue, vel accumsan tellus nisi eu orci. Mauris lacinia sapien quis libero. Nullam sit amet turpis elementum ligula vehicula consequat. Morbi a ipsum. Integer a nibh.', 1, 1, 3, 1);
INSERT INTO detta_accidentes (accidente_id, fecha, hora, direccion, lugar, circunstancia, detalles, clasificacion, tipo, evidencia, cliente_id) VALUES (85, '09/02/2020', '08:38', '9663 Lyons Avenue', 'Robust dedicated flexibility', 'Nulla ut erat id mauris vulputate elementum. Nullam varius. Nulla facilisi.', 'Suspendisse potenti. In eleifend quam a odio. In hac habitasse platea dictumst. Maecenas ut massa quis augue luctus tincidunt. Nulla mollis molestie lorem. Quisque ut erat.', 2, 2, 2, 1);
INSERT INTO detta_accidentes (accidente_id, fecha, hora, direccion, lugar, circunstancia, detalles, clasificacion, tipo, evidencia, cliente_id) VALUES (86, '23/02/2020', '19:22', '5354 Oakridge Circle', 'Networked radical model', 'Vestibulum quam sapien, varius ut, blandit non, interdum in, ante. Vestibulum ante ipsum primis in faucibus orci luctus et ultrices posuere cubilia Curae; Duis faucibus accumsan odio. Curabitur convallis.', 'Proin leo odio, porttitor id, consequat in, consequat ut, nulla. Sed accumsan felis. Ut at dolor quis odio consequat varius. Integer ac leo. Pellentesque ultrices mattis odio. Donec vitae nisi.', 4, 1, 1, 3);
INSERT INTO detta_accidentes (accidente_id, fecha, hora, direccion, lugar, circunstancia, detalles, clasificacion, tipo, evidencia, cliente_id) VALUES (87, '14/07/2020', '09:52', '1 Dottie Pass', 'Business-focused incremental matrix', 'Phasellus sit amet erat. Nulla tempus. Vivamus in felis eu sapien cursus vestibulum.', 'Maecenas leo odio, condimentum id, luctus nec, molestie sed, justo. Pellentesque viverra pede ac diam. Cras pellentesque volutpat dui. Maecenas tristique, est et tempus semper, est quam pharetra magna, ac consequat metus sapien ut nunc. Vestibulum ante ipsum primis in faucibus orci luctus et ultrices posuere cubilia Curae; Mauris viverra diam vitae quam. Suspendisse potenti.', 2, 2, 4, 9);
INSERT INTO detta_accidentes (accidente_id, fecha, hora, direccion, lugar, circunstancia, detalles, clasificacion, tipo, evidencia, cliente_id) VALUES (88, '04/06/2020', '13:59', '69322 Iowa Parkway', 'Multi-tiered clear-thinking open architecture', 'In congue. Etiam justo. Etiam pretium iaculis justo.', 'Quisque id justo sit amet sapien dignissim vestibulum. Vestibulum ante ipsum primis in faucibus orci luctus et ultrices posuere cubilia Curae; Nulla dapibus dolor vel est. Donec odio justo, sollicitudin ut, suscipit a, feugiat et, eros. Vestibulum ac est lacinia nisi venenatis tristique. Fusce congue, diam id ornare imperdiet, sapien urna pretium nisl, ut volutpat sapien arcu sed augue. Aliquam erat volutpat.', 2, 1, 3, 2);
INSERT INTO detta_accidentes (accidente_id, fecha, hora, direccion, lugar, circunstancia, detalles, clasificacion, tipo, evidencia, cliente_id) VALUES (89, '09/04/2020', '08:20', '1232 Parkside Street', 'Re-contextualized coherent moratorium', 'Curabitur at ipsum ac tellus semper interdum. Mauris ullamcorper purus sit amet nulla. Quisque arcu libero, rutrum ac, lobortis vel, dapibus at, diam.', 'Vestibulum quam sapien, varius ut, blandit non, interdum in, ante. Vestibulum ante ipsum primis in faucibus orci luctus et ultrices posuere cubilia Curae; Duis faucibus accumsan odio. Curabitur convallis. Duis consequat dui nec nisi volutpat eleifend. Donec ut dolor. Morbi vel lectus in quam fringilla rhoncus.', 2, 2, 3, 2);
INSERT INTO detta_accidentes (accidente_id, fecha, hora, direccion, lugar, circunstancia, detalles, clasificacion, tipo, evidencia, cliente_id) VALUES (90, '06/03/2020', '18:21', '7535 Loeprich Drive', 'Organized human-resource encoding', 'Lorem ipsum dolor sit amet, consectetuer adipiscing elit. Proin risus. Praesent lectus.', 'In congue. Etiam justo. Etiam pretium iaculis justo. In hac habitasse platea dictumst. Etiam faucibus cursus urna. Ut tellus.', 3, 2, 2, 7);
INSERT INTO detta_accidentes (accidente_id, fecha, hora, direccion, lugar, circunstancia, detalles, clasificacion, tipo, evidencia, cliente_id) VALUES (91, '10/01/2020', '16:56', '917 Sherman Alley', 'Persistent eco-centric neural-net', 'Duis bibendum, felis sed interdum venenatis, turpis enim blandit mi, in porttitor pede justo eu massa. Donec dapibus. Duis at velit eu est congue elementum.', 'Morbi porttitor lorem id ligula. Suspendisse ornare consequat lectus. In est risus, auctor sed, tristique in, tempus sit amet, sem. Fusce consequat. Nulla nisl. Nunc nisl.', 1, 2, 1, 10);
INSERT INTO detta_accidentes (accidente_id, fecha, hora, direccion, lugar, circunstancia, detalles, clasificacion, tipo, evidencia, cliente_id) VALUES (92, '26/01/2020', '13:56', '04 Kim Center', 'Pre-emptive exuding encoding', 'Maecenas ut massa quis augue luctus tincidunt. Nulla mollis molestie lorem. Quisque ut erat.', 'Aenean lectus. Pellentesque eget nunc. Donec quis orci eget orci vehicula condimentum. Curabitur in libero ut massa volutpat convallis. Morbi odio odio, elementum eu, interdum eu, tincidunt in, leo. Maecenas pulvinar lobortis est.', 2, 1, 4, 8);
INSERT INTO detta_accidentes (accidente_id, fecha, hora, direccion, lugar, circunstancia, detalles, clasificacion, tipo, evidencia, cliente_id) VALUES (93, '18/01/2020', '15:58', '28621 Ilene Alley', 'Configurable multi-tasking matrices', 'Praesent id massa id nisl venenatis lacinia. Aenean sit amet justo. Morbi ut odio.', 'Cum sociis natoque penatibus et magnis dis parturient montes, nascetur ridiculus mus. Vivamus vestibulum sagittis sapien. Cum sociis natoque penatibus et magnis dis parturient montes, nascetur ridiculus mus. Etiam vel augue. Vestibulum rutrum rutrum neque. Aenean auctor gravida sem.', 4, 2, 3, 8);
INSERT INTO detta_accidentes (accidente_id, fecha, hora, direccion, lugar, circunstancia, detalles, clasificacion, tipo, evidencia, cliente_id) VALUES (94, '23/05/2020', '10:33', '9 Service Hill', 'Persistent zero tolerance data-warehouse', 'Integer ac leo. Pellentesque ultrices mattis odio. Donec vitae nisi.', 'Nam ultrices, libero non mattis pulvinar, nulla pede ullamcorper augue, a suscipit nulla elit ac nulla. Sed vel enim sit amet nunc viverra dapibus. Nulla suscipit ligula in lacus. Curabitur at ipsum ac tellus semper interdum. Mauris ullamcorper purus sit amet nulla. Quisque arcu libero, rutrum ac, lobortis vel, dapibus at, diam.', 4, 1, 3, 2);
INSERT INTO detta_accidentes (accidente_id, fecha, hora, direccion, lugar, circunstancia, detalles, clasificacion, tipo, evidencia, cliente_id) VALUES (95, '01/04/2020', '12:30', '26139 Loftsgordon Terrace', 'Business-focused actuating collaboration', 'Proin interdum mauris non ligula pellentesque ultrices. Phasellus id sapien in sapien iaculis congue. Vivamus metus arcu, adipiscing molestie, hendrerit at, vulputate vitae, nisl.', 'Proin interdum mauris non ligula pellentesque ultrices. Phasellus id sapien in sapien iaculis congue. Vivamus metus arcu, adipiscing molestie, hendrerit at, vulputate vitae, nisl. Aenean lectus. Pellentesque eget nunc. Donec quis orci eget orci vehicula condimentum.', 2, 1, 4, 1);
INSERT INTO detta_accidentes (accidente_id, fecha, hora, direccion, lugar, circunstancia, detalles, clasificacion, tipo, evidencia, cliente_id) VALUES (96, '29/03/2020', '14:29', '405 Tony Lane', 'Mandatory motivating open system', 'Proin interdum mauris non ligula pellentesque ultrices. Phasellus id sapien in sapien iaculis congue. Vivamus metus arcu, adipiscing molestie, hendrerit at, vulputate vitae, nisl.', 'Cras mi pede, malesuada in, imperdiet et, commodo vulputate, justo. In blandit ultrices enim. Lorem ipsum dolor sit amet, consectetuer adipiscing elit. Proin interdum mauris non ligula pellentesque ultrices. Phasellus id sapien in sapien iaculis congue. Vivamus metus arcu, adipiscing molestie, hendrerit at, vulputate vitae, nisl.', 4, 1, 4, 8);
INSERT INTO detta_accidentes (accidente_id, fecha, hora, direccion, lugar, circunstancia, detalles, clasificacion, tipo, evidencia, cliente_id) VALUES (97, '04/01/2020', '15:48', '17 Mariners Cove Parkway', 'Mandatory directional customer loyalty', 'Sed ante. Vivamus tortor. Duis mattis egestas metus.', 'Phasellus sit amet erat. Nulla tempus. Vivamus in felis eu sapien cursus vestibulum. Proin eu mi. Nulla ac enim. In tempor, turpis nec euismod scelerisque, quam turpis adipiscing lorem, vitae mattis nibh ligula nec sem.', 3, 1, 3, 6);
INSERT INTO detta_accidentes (accidente_id, fecha, hora, direccion, lugar, circunstancia, detalles, clasificacion, tipo, evidencia, cliente_id) VALUES (98, '14/03/2020', '15:07', '0 Farwell Junction', 'Face to face 3rd generation firmware', 'Nullam sit amet turpis elementum ligula vehicula consequat. Morbi a ipsum. Integer a nibh.', 'Maecenas leo odio, condimentum id, luctus nec, molestie sed, justo. Pellentesque viverra pede ac diam. Cras pellentesque volutpat dui. Maecenas tristique, est et tempus semper, est quam pharetra magna, ac consequat metus sapien ut nunc. Vestibulum ante ipsum primis in faucibus orci luctus et ultrices posuere cubilia Curae; Mauris viverra diam vitae quam. Suspendisse potenti.', 1, 2, 4, 9);
INSERT INTO detta_accidentes (accidente_id, fecha, hora, direccion, lugar, circunstancia, detalles, clasificacion, tipo, evidencia, cliente_id) VALUES (99, '28/06/2020', '10:15', '31492 Mendota Place', 'Object-based optimizing attitude', 'Cras non velit nec nisi vulputate nonummy. Maecenas tincidunt lacus at velit. Vivamus vel nulla eget eros elementum pellentesque.', 'Integer tincidunt ante vel ipsum. Praesent blandit lacinia erat. Vestibulum sed magna at nunc commodo placerat. Praesent blandit. Nam nulla. Integer pede justo, lacinia eget, tincidunt eget, tempus vel, pede.', 4, 2, 4, 1);
INSERT INTO detta_accidentes (accidente_id, fecha, hora, direccion, lugar, circunstancia, detalles, clasificacion, tipo, evidencia, cliente_id) VALUES (100, '10/07/2020', '13:28', '9 Warbler Crossing', 'Mandatory disintermediate paradigm', 'Cras mi pede, malesuada in, imperdiet et, commodo vulputate, justo. In blandit ultrices enim. Lorem ipsum dolor sit amet, consectetuer adipiscing elit.', 'Sed sagittis. Nam congue, risus semper porta volutpat, quam pede lobortis ligula, sit amet eleifend pede libero quis orci. Nullam molestie nibh in lectus. Pellentesque at nulla. Suspendisse potenti. Cras in purus eu magna vulputate luctus.', 2, 1, 2, 1);
INSERT INTO detta_accidentes (accidente_id, fecha, hora, direccion, lugar, circunstancia, detalles, clasificacion, tipo, evidencia, cliente_id) VALUES (101, '03/03/2020', '17:27', '98842 2nd Center', 'Upgradable tertiary moderator', 'In hac habitasse platea dictumst. Morbi vestibulum, velit id pretium iaculis, diam erat fermentum justo, nec condimentum neque sapien placerat ante. Nulla justo.', 'Nulla ut erat id mauris vulputate elementum. Nullam varius. Nulla facilisi. Cras non velit nec nisi vulputate nonummy. Maecenas tincidunt lacus at velit. Vivamus vel nulla eget eros elementum pellentesque.', 2, 2, 3, 6);
INSERT INTO detta_accidentes (accidente_id, fecha, hora, direccion, lugar, circunstancia, detalles, clasificacion, tipo, evidencia, cliente_id) VALUES (102, '29/03/2020', '18:40', '1815 Lukken Pass', 'Up-sized fresh-thinking parallelism', 'Etiam vel augue. Vestibulum rutrum rutrum neque. Aenean auctor gravida sem.', 'Quisque id justo sit amet sapien dignissim vestibulum. Vestibulum ante ipsum primis in faucibus orci luctus et ultrices posuere cubilia Curae; Nulla dapibus dolor vel est. Donec odio justo, sollicitudin ut, suscipit a, feugiat et, eros. Vestibulum ac est lacinia nisi venenatis tristique. Fusce congue, diam id ornare imperdiet, sapien urna pretium nisl, ut volutpat sapien arcu sed augue. Aliquam erat volutpat.', 2, 2, 1, 2);
INSERT INTO detta_accidentes (accidente_id, fecha, hora, direccion, lugar, circunstancia, detalles, clasificacion, tipo, evidencia, cliente_id) VALUES (103, '20/05/2020', '14:45', '2 Fremont Hill', 'Diverse fresh-thinking monitoring', 'Nulla ut erat id mauris vulputate elementum. Nullam varius. Nulla facilisi.', 'Integer ac leo. Pellentesque ultrices mattis odio. Donec vitae nisi. Nam ultrices, libero non mattis pulvinar, nulla pede ullamcorper augue, a suscipit nulla elit ac nulla. Sed vel enim sit amet nunc viverra dapibus. Nulla suscipit ligula in lacus.', 3, 2, 1, 7);
INSERT INTO detta_accidentes (accidente_id, fecha, hora, direccion, lugar, circunstancia, detalles, clasificacion, tipo, evidencia, cliente_id) VALUES (104, '18/04/2020', '16:57', '01 Hansons Court', 'Automated actuating strategy', 'Curabitur gravida nisi at nibh. In hac habitasse platea dictumst. Aliquam augue quam, sollicitudin vitae, consectetuer eget, rutrum at, lorem.', 'Integer tincidunt ante vel ipsum. Praesent blandit lacinia erat. Vestibulum sed magna at nunc commodo placerat. Praesent blandit. Nam nulla. Integer pede justo, lacinia eget, tincidunt eget, tempus vel, pede.', 4, 2, 1, 1);
INSERT INTO detta_accidentes (accidente_id, fecha, hora, direccion, lugar, circunstancia, detalles, clasificacion, tipo, evidencia, cliente_id) VALUES (105, '09/07/2020', '16:22', '03949 Ramsey Crossing', 'Decentralized local project', 'Nulla ut erat id mauris vulputate elementum. Nullam varius. Nulla facilisi.', 'Duis bibendum, felis sed interdum venenatis, turpis enim blandit mi, in porttitor pede justo eu massa. Donec dapibus. Duis at velit eu est congue elementum. In hac habitasse platea dictumst. Morbi vestibulum, velit id pretium iaculis, diam erat fermentum justo, nec condimentum neque sapien placerat ante. Nulla justo.', 3, 2, 4, 10);
INSERT INTO detta_accidentes (accidente_id, fecha, hora, direccion, lugar, circunstancia, detalles, clasificacion, tipo, evidencia, cliente_id) VALUES (106, '14/05/2020', '11:16', '043 Alpine Pass', 'Optimized bi-directional synergy', 'Nam ultrices, libero non mattis pulvinar, nulla pede ullamcorper augue, a suscipit nulla elit ac nulla. Sed vel enim sit amet nunc viverra dapibus. Nulla suscipit ligula in lacus.', 'Proin leo odio, porttitor id, consequat in, consequat ut, nulla. Sed accumsan felis. Ut at dolor quis odio consequat varius. Integer ac leo. Pellentesque ultrices mattis odio. Donec vitae nisi.', 4, 1, 4, 10);
INSERT INTO detta_accidentes (accidente_id, fecha, hora, direccion, lugar, circunstancia, detalles, clasificacion, tipo, evidencia, cliente_id) VALUES (107, '20/06/2020', '14:43', '12 Crownhardt Center', 'Stand-alone multimedia concept', 'Proin leo odio, porttitor id, consequat in, consequat ut, nulla. Sed accumsan felis. Ut at dolor quis odio consequat varius.', 'In congue. Etiam justo. Etiam pretium iaculis justo. In hac habitasse platea dictumst. Etiam faucibus cursus urna. Ut tellus.', 4, 2, 2, 4);
INSERT INTO detta_accidentes (accidente_id, fecha, hora, direccion, lugar, circunstancia, detalles, clasificacion, tipo, evidencia, cliente_id) VALUES (108, '20/07/2020', '15:31', '6567 Dryden Trail', 'Visionary bifurcated product', 'Nulla ut erat id mauris vulputate elementum. Nullam varius. Nulla facilisi.', 'Proin leo odio, porttitor id, consequat in, consequat ut, nulla. Sed accumsan felis. Ut at dolor quis odio consequat varius. Integer ac leo. Pellentesque ultrices mattis odio. Donec vitae nisi.', 3, 2, 4, 2);
INSERT INTO detta_accidentes (accidente_id, fecha, hora, direccion, lugar, circunstancia, detalles, clasificacion, tipo, evidencia, cliente_id) VALUES (109, '21/05/2020', '12:55', '45785 Dovetail Place', 'Up-sized secondary moderator', 'Fusce posuere felis sed lacus. Morbi sem mauris, laoreet ut, rhoncus aliquet, pulvinar sed, nisl. Nunc rhoncus dui vel sem.', 'Cras non velit nec nisi vulputate nonummy. Maecenas tincidunt lacus at velit. Vivamus vel nulla eget eros elementum pellentesque. Quisque porta volutpat erat. Quisque erat eros, viverra eget, congue eget, semper rutrum, nulla. Nunc purus.', 4, 2, 1, 1);
INSERT INTO detta_accidentes (accidente_id, fecha, hora, direccion, lugar, circunstancia, detalles, clasificacion, tipo, evidencia, cliente_id) VALUES (110, '12/01/2020', '10:30', '8837 Bayside Way', 'Synergized content-based firmware', 'Proin leo odio, porttitor id, consequat in, consequat ut, nulla. Sed accumsan felis. Ut at dolor quis odio consequat varius.', 'Suspendisse potenti. In eleifend quam a odio. In hac habitasse platea dictumst. Maecenas ut massa quis augue luctus tincidunt. Nulla mollis molestie lorem. Quisque ut erat.', 1, 2, 1, 2);
INSERT INTO detta_accidentes (accidente_id, fecha, hora, direccion, lugar, circunstancia, detalles, clasificacion, tipo, evidencia, cliente_id) VALUES (111, '03/04/2020', '17:52', '8558 West Drive', 'Grass-roots impactful extranet', 'Mauris enim leo, rhoncus sed, vestibulum sit amet, cursus id, turpis. Integer aliquet, massa id lobortis convallis, tortor risus dapibus augue, vel accumsan tellus nisi eu orci. Mauris lacinia sapien quis libero.', 'Nullam sit amet turpis elementum ligula vehicula consequat. Morbi a ipsum. Integer a nibh. In quis justo. Maecenas rhoncus aliquam lacus. Morbi quis tortor id nulla ultrices aliquet.', 1, 1, 4, 7);
INSERT INTO detta_accidentes (accidente_id, fecha, hora, direccion, lugar, circunstancia, detalles, clasificacion, tipo, evidencia, cliente_id) VALUES (112, '17/01/2020', '15:26', '9 Waxwing Park', 'Networked 24 hour throughput', 'Fusce consequat. Nulla nisl. Nunc nisl.', 'Maecenas leo odio, condimentum id, luctus nec, molestie sed, justo. Pellentesque viverra pede ac diam. Cras pellentesque volutpat dui. Maecenas tristique, est et tempus semper, est quam pharetra magna, ac consequat metus sapien ut nunc. Vestibulum ante ipsum primis in faucibus orci luctus et ultrices posuere cubilia Curae; Mauris viverra diam vitae quam. Suspendisse potenti.', 1, 2, 1, 8);
INSERT INTO detta_accidentes (accidente_id, fecha, hora, direccion, lugar, circunstancia, detalles, clasificacion, tipo, evidencia, cliente_id) VALUES (113, '01/05/2020', '13:02', '316 Loomis Park', 'Cross-platform exuding initiative', 'Morbi porttitor lorem id ligula. Suspendisse ornare consequat lectus. In est risus, auctor sed, tristique in, tempus sit amet, sem.', 'Duis consequat dui nec nisi volutpat eleifend. Donec ut dolor. Morbi vel lectus in quam fringilla rhoncus. Mauris enim leo, rhoncus sed, vestibulum sit amet, cursus id, turpis. Integer aliquet, massa id lobortis convallis, tortor risus dapibus augue, vel accumsan tellus nisi eu orci. Mauris lacinia sapien quis libero.', 3, 1, 2, 8);
INSERT INTO detta_accidentes (accidente_id, fecha, hora, direccion, lugar, circunstancia, detalles, clasificacion, tipo, evidencia, cliente_id) VALUES (114, '12/02/2020', '17:16', '276 Sunbrook Plaza', 'Progressive 5th generation matrices', 'Aenean fermentum. Donec ut mauris eget massa tempor convallis. Nulla neque libero, convallis eget, eleifend luctus, ultricies eu, nibh.', 'Aenean fermentum. Donec ut mauris eget massa tempor convallis. Nulla neque libero, convallis eget, eleifend luctus, ultricies eu, nibh. Quisque id justo sit amet sapien dignissim vestibulum. Vestibulum ante ipsum primis in faucibus orci luctus et ultrices posuere cubilia Curae; Nulla dapibus dolor vel est. Donec odio justo, sollicitudin ut, suscipit a, feugiat et, eros.', 3, 2, 3, 7);
INSERT INTO detta_accidentes (accidente_id, fecha, hora, direccion, lugar, circunstancia, detalles, clasificacion, tipo, evidencia, cliente_id) VALUES (115, '09/05/2020', '08:28', '321 Lakeland Street', 'Advanced optimizing encryption', 'Integer ac leo. Pellentesque ultrices mattis odio. Donec vitae nisi.', 'Praesent id massa id nisl venenatis lacinia. Aenean sit amet justo. Morbi ut odio. Cras mi pede, malesuada in, imperdiet et, commodo vulputate, justo. In blandit ultrices enim. Lorem ipsum dolor sit amet, consectetuer adipiscing elit.', 4, 2, 3, 3);
INSERT INTO detta_accidentes (accidente_id, fecha, hora, direccion, lugar, circunstancia, detalles, clasificacion, tipo, evidencia, cliente_id) VALUES (116, '13/03/2020', '18:51', '766 6th Point', 'Synergized 24/7 help-desk', 'Aliquam quis turpis eget elit sodales scelerisque. Mauris sit amet eros. Suspendisse accumsan tortor quis turpis.', 'Phasellus sit amet erat. Nulla tempus. Vivamus in felis eu sapien cursus vestibulum. Proin eu mi. Nulla ac enim. In tempor, turpis nec euismod scelerisque, quam turpis adipiscing lorem, vitae mattis nibh ligula nec sem.', 3, 2, 2, 7);
INSERT INTO detta_accidentes (accidente_id, fecha, hora, direccion, lugar, circunstancia, detalles, clasificacion, tipo, evidencia, cliente_id) VALUES (117, '18/02/2020', '18:57', '479 Katie Way', 'Customizable asymmetric strategy', 'Curabitur in libero ut massa volutpat convallis. Morbi odio odio, elementum eu, interdum eu, tincidunt in, leo. Maecenas pulvinar lobortis est.', 'Cras non velit nec nisi vulputate nonummy. Maecenas tincidunt lacus at velit. Vivamus vel nulla eget eros elementum pellentesque. Quisque porta volutpat erat. Quisque erat eros, viverra eget, congue eget, semper rutrum, nulla. Nunc purus.', 3, 1, 4, 9);
INSERT INTO detta_accidentes (accidente_id, fecha, hora, direccion, lugar, circunstancia, detalles, clasificacion, tipo, evidencia, cliente_id) VALUES (118, '13/03/2020', '15:46', '3314 Dennis Center', 'Streamlined fresh-thinking Graphical User Interface', 'Praesent blandit. Nam nulla. Integer pede justo, lacinia eget, tincidunt eget, tempus vel, pede.', 'Duis aliquam convallis nunc. Proin at turpis a pede posuere nonummy. Integer non velit. Donec diam neque, vestibulum eget, vulputate ut, ultrices vel, augue. Vestibulum ante ipsum primis in faucibus orci luctus et ultrices posuere cubilia Curae; Donec pharetra, magna vestibulum aliquet ultrices, erat tortor sollicitudin mi, sit amet lobortis sapien sapien non mi. Integer ac neque.', 3, 2, 3, 7);
INSERT INTO detta_accidentes (accidente_id, fecha, hora, direccion, lugar, circunstancia, detalles, clasificacion, tipo, evidencia, cliente_id) VALUES (119, '21/03/2020', '11:29', '1 Thompson Place', 'Quality-focused neutral paradigm', 'Cum sociis natoque penatibus et magnis dis parturient montes, nascetur ridiculus mus. Vivamus vestibulum sagittis sapien. Cum sociis natoque penatibus et magnis dis parturient montes, nascetur ridiculus mus.', 'Maecenas tristique, est et tempus semper, est quam pharetra magna, ac consequat metus sapien ut nunc. Vestibulum ante ipsum primis in faucibus orci luctus et ultrices posuere cubilia Curae; Mauris viverra diam vitae quam. Suspendisse potenti. Nullam porttitor lacus at turpis. Donec posuere metus vitae ipsum. Aliquam non mauris.', 3, 1, 4, 4);
INSERT INTO detta_accidentes (accidente_id, fecha, hora, direccion, lugar, circunstancia, detalles, clasificacion, tipo, evidencia, cliente_id) VALUES (120, '27/01/2020', '10:34', '515 Namekagon Parkway', 'Pre-emptive analyzing structure', 'Duis consequat dui nec nisi volutpat eleifend. Donec ut dolor. Morbi vel lectus in quam fringilla rhoncus.', 'Morbi porttitor lorem id ligula. Suspendisse ornare consequat lectus. In est risus, auctor sed, tristique in, tempus sit amet, sem. Fusce consequat. Nulla nisl. Nunc nisl.', 3, 1, 3, 8);
INSERT INTO detta_accidentes (accidente_id, fecha, hora, direccion, lugar, circunstancia, detalles, clasificacion, tipo, evidencia, cliente_id) VALUES (121, '24/07/2020', '14:46', '97 Jenna Junction', 'Future-proofed system-worthy software', 'Etiam vel augue. Vestibulum rutrum rutrum neque. Aenean auctor gravida sem.', 'Mauris enim leo, rhoncus sed, vestibulum sit amet, cursus id, turpis. Integer aliquet, massa id lobortis convallis, tortor risus dapibus augue, vel accumsan tellus nisi eu orci. Mauris lacinia sapien quis libero. Nullam sit amet turpis elementum ligula vehicula consequat. Morbi a ipsum. Integer a nibh.', 2, 1, 2, 9);
INSERT INTO detta_accidentes (accidente_id, fecha, hora, direccion, lugar, circunstancia, detalles, clasificacion, tipo, evidencia, cliente_id) VALUES (122, '01/02/2020', '15:35', '27 Gale Parkway', 'Enterprise-wide context-sensitive focus group', 'Fusce consequat. Nulla nisl. Nunc nisl.', 'Integer tincidunt ante vel ipsum. Praesent blandit lacinia erat. Vestibulum sed magna at nunc commodo placerat. Praesent blandit. Nam nulla. Integer pede justo, lacinia eget, tincidunt eget, tempus vel, pede.', 4, 1, 2, 10);
INSERT INTO detta_accidentes (accidente_id, fecha, hora, direccion, lugar, circunstancia, detalles, clasificacion, tipo, evidencia, cliente_id) VALUES (123, '14/03/2020', '20:46', '0304 Mallard Pass', 'Digitized 24/7 open system', 'Maecenas tristique, est et tempus semper, est quam pharetra magna, ac consequat metus sapien ut nunc. Vestibulum ante ipsum primis in faucibus orci luctus et ultrices posuere cubilia Curae; Mauris viverra diam vitae quam. Suspendisse potenti.', 'Cras mi pede, malesuada in, imperdiet et, commodo vulputate, justo. In blandit ultrices enim. Lorem ipsum dolor sit amet, consectetuer adipiscing elit. Proin interdum mauris non ligula pellentesque ultrices. Phasellus id sapien in sapien iaculis congue. Vivamus metus arcu, adipiscing molestie, hendrerit at, vulputate vitae, nisl.', 4, 1, 3, 3);
INSERT INTO detta_accidentes (accidente_id, fecha, hora, direccion, lugar, circunstancia, detalles, clasificacion, tipo, evidencia, cliente_id) VALUES (124, '03/01/2020', '20:29', '6223 3rd Trail', 'Horizontal secondary adapter', 'Proin eu mi. Nulla ac enim. In tempor, turpis nec euismod scelerisque, quam turpis adipiscing lorem, vitae mattis nibh ligula nec sem.', 'Cras non velit nec nisi vulputate nonummy. Maecenas tincidunt lacus at velit. Vivamus vel nulla eget eros elementum pellentesque. Quisque porta volutpat erat. Quisque erat eros, viverra eget, congue eget, semper rutrum, nulla. Nunc purus.', 1, 1, 2, 3);
INSERT INTO detta_accidentes (accidente_id, fecha, hora, direccion, lugar, circunstancia, detalles, clasificacion, tipo, evidencia, cliente_id) VALUES (125, '18/05/2020', '08:37', '8 Warner Park', 'Fully-configurable encompassing standardization', 'Cum sociis natoque penatibus et magnis dis parturient montes, nascetur ridiculus mus. Vivamus vestibulum sagittis sapien. Cum sociis natoque penatibus et magnis dis parturient montes, nascetur ridiculus mus.', 'Lorem ipsum dolor sit amet, consectetuer adipiscing elit. Proin risus. Praesent lectus. Vestibulum quam sapien, varius ut, blandit non, interdum in, ante. Vestibulum ante ipsum primis in faucibus orci luctus et ultrices posuere cubilia Curae; Duis faucibus accumsan odio. Curabitur convallis.', 3, 1, 4, 2);
INSERT INTO detta_accidentes (accidente_id, fecha, hora, direccion, lugar, circunstancia, detalles, clasificacion, tipo, evidencia, cliente_id) VALUES (126, '01/02/2020', '09:07', '55 Moose Parkway', 'Phased regional budgetary management', 'Vestibulum quam sapien, varius ut, blandit non, interdum in, ante. Vestibulum ante ipsum primis in faucibus orci luctus et ultrices posuere cubilia Curae; Duis faucibus accumsan odio. Curabitur convallis.', 'Phasellus sit amet erat. Nulla tempus. Vivamus in felis eu sapien cursus vestibulum. Proin eu mi. Nulla ac enim. In tempor, turpis nec euismod scelerisque, quam turpis adipiscing lorem, vitae mattis nibh ligula nec sem.', 4, 1, 1, 2);
INSERT INTO detta_accidentes (accidente_id, fecha, hora, direccion, lugar, circunstancia, detalles, clasificacion, tipo, evidencia, cliente_id) VALUES (127, '22/01/2020', '16:17', '3044 Karstens Junction', 'Customer-focused optimizing data-warehouse', 'Praesent blandit. Nam nulla. Integer pede justo, lacinia eget, tincidunt eget, tempus vel, pede.', 'Phasellus sit amet erat. Nulla tempus. Vivamus in felis eu sapien cursus vestibulum. Proin eu mi. Nulla ac enim. In tempor, turpis nec euismod scelerisque, quam turpis adipiscing lorem, vitae mattis nibh ligula nec sem.', 4, 2, 4, 9);
INSERT INTO detta_accidentes (accidente_id, fecha, hora, direccion, lugar, circunstancia, detalles, clasificacion, tipo, evidencia, cliente_id) VALUES (128, '21/04/2020', '10:57', '568 Cascade Park', 'Reverse-engineered executive collaboration', 'Cras non velit nec nisi vulputate nonummy. Maecenas tincidunt lacus at velit. Vivamus vel nulla eget eros elementum pellentesque.', 'Praesent id massa id nisl venenatis lacinia. Aenean sit amet justo. Morbi ut odio. Cras mi pede, malesuada in, imperdiet et, commodo vulputate, justo. In blandit ultrices enim. Lorem ipsum dolor sit amet, consectetuer adipiscing elit.', 3, 2, 2, 10);
INSERT INTO detta_accidentes (accidente_id, fecha, hora, direccion, lugar, circunstancia, detalles, clasificacion, tipo, evidencia, cliente_id) VALUES (129, '13/06/2020', '19:52', '6334 Hayes Crossing', 'Managed 24 hour open system', 'Pellentesque at nulla. Suspendisse potenti. Cras in purus eu magna vulputate luctus.', 'Proin eu mi. Nulla ac enim. In tempor, turpis nec euismod scelerisque, quam turpis adipiscing lorem, vitae mattis nibh ligula nec sem. Duis aliquam convallis nunc. Proin at turpis a pede posuere nonummy. Integer non velit.', 4, 2, 2, 1);
INSERT INTO detta_accidentes (accidente_id, fecha, hora, direccion, lugar, circunstancia, detalles, clasificacion, tipo, evidencia, cliente_id) VALUES (130, '19/02/2020', '16:03', '498 Dexter Place', 'Decentralized impactful knowledge user', 'Integer tincidunt ante vel ipsum. Praesent blandit lacinia erat. Vestibulum sed magna at nunc commodo placerat.', 'Aenean lectus. Pellentesque eget nunc. Donec quis orci eget orci vehicula condimentum. Curabitur in libero ut massa volutpat convallis. Morbi odio odio, elementum eu, interdum eu, tincidunt in, leo. Maecenas pulvinar lobortis est.', 4, 1, 1, 8);
INSERT INTO detta_accidentes (accidente_id, fecha, hora, direccion, lugar, circunstancia, detalles, clasificacion, tipo, evidencia, cliente_id) VALUES (131, '16/06/2020', '17:52', '68 Paget Way', 'Enterprise-wide actuating array', 'Aliquam quis turpis eget elit sodales scelerisque. Mauris sit amet eros. Suspendisse accumsan tortor quis turpis.', 'Curabitur in libero ut massa volutpat convallis. Morbi odio odio, elementum eu, interdum eu, tincidunt in, leo. Maecenas pulvinar lobortis est. Phasellus sit amet erat. Nulla tempus. Vivamus in felis eu sapien cursus vestibulum.', 3, 1, 1, 2);
INSERT INTO detta_accidentes (accidente_id, fecha, hora, direccion, lugar, circunstancia, detalles, clasificacion, tipo, evidencia, cliente_id) VALUES (132, '15/05/2020', '17:16', '14015 Gerald Junction', 'Extended zero tolerance algorithm', 'Vestibulum ac est lacinia nisi venenatis tristique. Fusce congue, diam id ornare imperdiet, sapien urna pretium nisl, ut volutpat sapien arcu sed augue. Aliquam erat volutpat.', 'Aenean fermentum. Donec ut mauris eget massa tempor convallis. Nulla neque libero, convallis eget, eleifend luctus, ultricies eu, nibh. Quisque id justo sit amet sapien dignissim vestibulum. Vestibulum ante ipsum primis in faucibus orci luctus et ultrices posuere cubilia Curae; Nulla dapibus dolor vel est. Donec odio justo, sollicitudin ut, suscipit a, feugiat et, eros.', 3, 1, 4, 9);
INSERT INTO detta_accidentes (accidente_id, fecha, hora, direccion, lugar, circunstancia, detalles, clasificacion, tipo, evidencia, cliente_id) VALUES (133, '05/07/2020', '09:50', '28153 Helena Avenue', 'Reduced foreground conglomeration', 'Morbi porttitor lorem id ligula. Suspendisse ornare consequat lectus. In est risus, auctor sed, tristique in, tempus sit amet, sem.', 'Cum sociis natoque penatibus et magnis dis parturient montes, nascetur ridiculus mus. Vivamus vestibulum sagittis sapien. Cum sociis natoque penatibus et magnis dis parturient montes, nascetur ridiculus mus. Etiam vel augue. Vestibulum rutrum rutrum neque. Aenean auctor gravida sem.', 1, 1, 2, 8);
INSERT INTO detta_accidentes (accidente_id, fecha, hora, direccion, lugar, circunstancia, detalles, clasificacion, tipo, evidencia, cliente_id) VALUES (134, '16/05/2020', '17:18', '76 Elgar Place', 'Persistent multi-state artificial intelligence', 'Pellentesque at nulla. Suspendisse potenti. Cras in purus eu magna vulputate luctus.', 'Morbi porttitor lorem id ligula. Suspendisse ornare consequat lectus. In est risus, auctor sed, tristique in, tempus sit amet, sem. Fusce consequat. Nulla nisl. Nunc nisl.', 3, 1, 1, 10);
INSERT INTO detta_accidentes (accidente_id, fecha, hora, direccion, lugar, circunstancia, detalles, clasificacion, tipo, evidencia, cliente_id) VALUES (135, '03/03/2020', '18:17', '3098 Redwing Park', 'Phased 5th generation function', 'Cum sociis natoque penatibus et magnis dis parturient montes, nascetur ridiculus mus. Vivamus vestibulum sagittis sapien. Cum sociis natoque penatibus et magnis dis parturient montes, nascetur ridiculus mus.', 'In quis justo. Maecenas rhoncus aliquam lacus. Morbi quis tortor id nulla ultrices aliquet. Maecenas leo odio, condimentum id, luctus nec, molestie sed, justo. Pellentesque viverra pede ac diam. Cras pellentesque volutpat dui.', 4, 1, 3, 7);
INSERT INTO detta_accidentes (accidente_id, fecha, hora, direccion, lugar, circunstancia, detalles, clasificacion, tipo, evidencia, cliente_id) VALUES (136, '30/06/2020', '13:15', '74 Petterle Court', 'Customer-focused directional leverage', 'Nulla ut erat id mauris vulputate elementum. Nullam varius. Nulla facilisi.', 'Proin interdum mauris non ligula pellentesque ultrices. Phasellus id sapien in sapien iaculis congue. Vivamus metus arcu, adipiscing molestie, hendrerit at, vulputate vitae, nisl. Aenean lectus. Pellentesque eget nunc. Donec quis orci eget orci vehicula condimentum.', 4, 1, 4, 1);
INSERT INTO detta_accidentes (accidente_id, fecha, hora, direccion, lugar, circunstancia, detalles, clasificacion, tipo, evidencia, cliente_id) VALUES (137, '06/06/2020', '15:44', '37009 Cherokee Lane', 'Persevering regional moderator', 'Cum sociis natoque penatibus et magnis dis parturient montes, nascetur ridiculus mus. Vivamus vestibulum sagittis sapien. Cum sociis natoque penatibus et magnis dis parturient montes, nascetur ridiculus mus.', 'Maecenas ut massa quis augue luctus tincidunt. Nulla mollis molestie lorem. Quisque ut erat. Curabitur gravida nisi at nibh. In hac habitasse platea dictumst. Aliquam augue quam, sollicitudin vitae, consectetuer eget, rutrum at, lorem.', 1, 1, 3, 4);
INSERT INTO detta_accidentes (accidente_id, fecha, hora, direccion, lugar, circunstancia, detalles, clasificacion, tipo, evidencia, cliente_id) VALUES (138, '10/06/2020', '16:15', '876 New Castle Court', 'Cloned local structure', 'In quis justo. Maecenas rhoncus aliquam lacus. Morbi quis tortor id nulla ultrices aliquet.', 'Cras non velit nec nisi vulputate nonummy. Maecenas tincidunt lacus at velit. Vivamus vel nulla eget eros elementum pellentesque. Quisque porta volutpat erat. Quisque erat eros, viverra eget, congue eget, semper rutrum, nulla. Nunc purus.', 1, 2, 3, 4);
INSERT INTO detta_accidentes (accidente_id, fecha, hora, direccion, lugar, circunstancia, detalles, clasificacion, tipo, evidencia, cliente_id) VALUES (139, '08/05/2020', '18:43', '75 Mcbride Center', 'Multi-lateral 24/7 project', 'Proin eu mi. Nulla ac enim. In tempor, turpis nec euismod scelerisque, quam turpis adipiscing lorem, vitae mattis nibh ligula nec sem.', 'In quis justo. Maecenas rhoncus aliquam lacus. Morbi quis tortor id nulla ultrices aliquet. Maecenas leo odio, condimentum id, luctus nec, molestie sed, justo. Pellentesque viverra pede ac diam. Cras pellentesque volutpat dui.', 4, 1, 3, 5);
INSERT INTO detta_accidentes (accidente_id, fecha, hora, direccion, lugar, circunstancia, detalles, clasificacion, tipo, evidencia, cliente_id) VALUES (140, '10/05/2020', '19:14', '6 Homewood Avenue', 'Profound holistic help-desk', 'Nam ultrices, libero non mattis pulvinar, nulla pede ullamcorper augue, a suscipit nulla elit ac nulla. Sed vel enim sit amet nunc viverra dapibus. Nulla suscipit ligula in lacus.', 'Lorem ipsum dolor sit amet, consectetuer adipiscing elit. Proin risus. Praesent lectus. Vestibulum quam sapien, varius ut, blandit non, interdum in, ante. Vestibulum ante ipsum primis in faucibus orci luctus et ultrices posuere cubilia Curae; Duis faucibus accumsan odio. Curabitur convallis.', 1, 2, 3, 2);
INSERT INTO detta_accidentes (accidente_id, fecha, hora, direccion, lugar, circunstancia, detalles, clasificacion, tipo, evidencia, cliente_id) VALUES (141, '11/06/2020', '16:35', '31706 Rusk Drive', 'Polarised content-based archive', 'Maecenas ut massa quis augue luctus tincidunt. Nulla mollis molestie lorem. Quisque ut erat.', 'Maecenas leo odio, condimentum id, luctus nec, molestie sed, justo. Pellentesque viverra pede ac diam. Cras pellentesque volutpat dui. Maecenas tristique, est et tempus semper, est quam pharetra magna, ac consequat metus sapien ut nunc. Vestibulum ante ipsum primis in faucibus orci luctus et ultrices posuere cubilia Curae; Mauris viverra diam vitae quam. Suspendisse potenti.', 2, 2, 1, 7);
INSERT INTO detta_accidentes (accidente_id, fecha, hora, direccion, lugar, circunstancia, detalles, clasificacion, tipo, evidencia, cliente_id) VALUES (142, '25/03/2020', '13:17', '40 Sutteridge Way', 'Self-enabling incremental architecture', 'Integer ac leo. Pellentesque ultrices mattis odio. Donec vitae nisi.', 'Vestibulum ac est lacinia nisi venenatis tristique. Fusce congue, diam id ornare imperdiet, sapien urna pretium nisl, ut volutpat sapien arcu sed augue. Aliquam erat volutpat. In congue. Etiam justo. Etiam pretium iaculis justo.', 2, 2, 2, 4);
INSERT INTO detta_accidentes (accidente_id, fecha, hora, direccion, lugar, circunstancia, detalles, clasificacion, tipo, evidencia, cliente_id) VALUES (143, '11/02/2020', '15:05', '06 Eastlawn Parkway', 'Polarised hybrid array', 'Cras mi pede, malesuada in, imperdiet et, commodo vulputate, justo. In blandit ultrices enim. Lorem ipsum dolor sit amet, consectetuer adipiscing elit.', 'Nullam sit amet turpis elementum ligula vehicula consequat. Morbi a ipsum. Integer a nibh. In quis justo. Maecenas rhoncus aliquam lacus. Morbi quis tortor id nulla ultrices aliquet.', 3, 2, 2, 4);
INSERT INTO detta_accidentes (accidente_id, fecha, hora, direccion, lugar, circunstancia, detalles, clasificacion, tipo, evidencia, cliente_id) VALUES (144, '05/02/2020', '08:08', '03819 Lakewood Plaza', 'Versatile radical knowledge user', 'Duis bibendum. Morbi non quam nec dui luctus rutrum. Nulla tellus.', 'Cras non velit nec nisi vulputate nonummy. Maecenas tincidunt lacus at velit. Vivamus vel nulla eget eros elementum pellentesque. Quisque porta volutpat erat. Quisque erat eros, viverra eget, congue eget, semper rutrum, nulla. Nunc purus.', 4, 1, 1, 6);
INSERT INTO detta_accidentes (accidente_id, fecha, hora, direccion, lugar, circunstancia, detalles, clasificacion, tipo, evidencia, cliente_id) VALUES (145, '14/06/2020', '09:34', '142 Morningstar Plaza', 'Exclusive motivating groupware', 'In sagittis dui vel nisl. Duis ac nibh. Fusce lacus purus, aliquet at, feugiat non, pretium quis, lectus.', 'Integer ac leo. Pellentesque ultrices mattis odio. Donec vitae nisi. Nam ultrices, libero non mattis pulvinar, nulla pede ullamcorper augue, a suscipit nulla elit ac nulla. Sed vel enim sit amet nunc viverra dapibus. Nulla suscipit ligula in lacus.', 2, 1, 4, 7);
INSERT INTO detta_accidentes (accidente_id, fecha, hora, direccion, lugar, circunstancia, detalles, clasificacion, tipo, evidencia, cliente_id) VALUES (146, '29/03/2020', '14:10', '8 Larry Plaza', 'Centralized demand-driven ability', 'Fusce consequat. Nulla nisl. Nunc nisl.', 'Aenean fermentum. Donec ut mauris eget massa tempor convallis. Nulla neque libero, convallis eget, eleifend luctus, ultricies eu, nibh. Quisque id justo sit amet sapien dignissim vestibulum. Vestibulum ante ipsum primis in faucibus orci luctus et ultrices posuere cubilia Curae; Nulla dapibus dolor vel est. Donec odio justo, sollicitudin ut, suscipit a, feugiat et, eros.', 4, 1, 4, 10);
INSERT INTO detta_accidentes (accidente_id, fecha, hora, direccion, lugar, circunstancia, detalles, clasificacion, tipo, evidencia, cliente_id) VALUES (147, '18/06/2020', '15:11', '0300 Lighthouse Bay Place', 'Pre-emptive impactful support', 'Curabitur at ipsum ac tellus semper interdum. Mauris ullamcorper purus sit amet nulla. Quisque arcu libero, rutrum ac, lobortis vel, dapibus at, diam.', 'Pellentesque at nulla. Suspendisse potenti. Cras in purus eu magna vulputate luctus. Cum sociis natoque penatibus et magnis dis parturient montes, nascetur ridiculus mus. Vivamus vestibulum sagittis sapien. Cum sociis natoque penatibus et magnis dis parturient montes, nascetur ridiculus mus.', 4, 2, 2, 4);
INSERT INTO detta_accidentes (accidente_id, fecha, hora, direccion, lugar, circunstancia, detalles, clasificacion, tipo, evidencia, cliente_id) VALUES (148, '13/04/2020', '12:42', '794 Jana Street', 'Front-line eco-centric support', 'In quis justo. Maecenas rhoncus aliquam lacus. Morbi quis tortor id nulla ultrices aliquet.', 'Nulla ut erat id mauris vulputate elementum. Nullam varius. Nulla facilisi. Cras non velit nec nisi vulputate nonummy. Maecenas tincidunt lacus at velit. Vivamus vel nulla eget eros elementum pellentesque.', 1, 1, 4, 6);
INSERT INTO detta_accidentes (accidente_id, fecha, hora, direccion, lugar, circunstancia, detalles, clasificacion, tipo, evidencia, cliente_id) VALUES (149, '13/06/2020', '14:05', '1 Elgar Pass', 'Distributed object-oriented standardization', 'Curabitur in libero ut massa volutpat convallis. Morbi odio odio, elementum eu, interdum eu, tincidunt in, leo. Maecenas pulvinar lobortis est.', 'Quisque porta volutpat erat. Quisque erat eros, viverra eget, congue eget, semper rutrum, nulla. Nunc purus. Phasellus in felis. Donec semper sapien a libero. Nam dui.', 2, 2, 1, 5);
INSERT INTO detta_accidentes (accidente_id, fecha, hora, direccion, lugar, circunstancia, detalles, clasificacion, tipo, evidencia, cliente_id) VALUES (150, '28/03/2020', '14:18', '8557 Glacier Hill Circle', 'Progressive local conglomeration', 'Etiam vel augue. Vestibulum rutrum rutrum neque. Aenean auctor gravida sem.', 'In hac habitasse platea dictumst. Morbi vestibulum, velit id pretium iaculis, diam erat fermentum justo, nec condimentum neque sapien placerat ante. Nulla justo. Aliquam quis turpis eget elit sodales scelerisque. Mauris sit amet eros. Suspendisse accumsan tortor quis turpis.', 2, 2, 3, 8);
